Unnamed: 0,Report Number,Local Case Number,Agency Name,ACRS Report Type,Crash Date/Time,Route Type,Road Name,Cross-Street Name,Collision Type,Circumstance_Category,Weather,Surface Condition,Light,Traffic Control,Driver Substance Abuse,Person ID,Drivers License State,Vehicle ID,Vehicle First Impact Location,Vehicle Body Type,Vehicle Movement,Vehicle Going Dir,Speed Limit,Driverless Vehicle,Parked Vehicle,Vehicle Year,Vehicle Make,Latitude,Longitude,Vehicle Model,hour,Crash_year,Crash_month,Crash_day,Crash_hour,Crash_day_name,Crash_date,Crash_week
3660,MCP219800J4,250049703,Montgomery_County_Police,Property Damage Crash,2025-11-05 15:53:00,County_Route,LISA DR,PINEY BRANCH RD,Rear-End (Same Direction),Backing Error,Clear,Dry,Daylight,Stop Sign,None Detected,A4B9EB50-550C-45F8-B2B6-6402A5E2E5D1,MD,D7F66165-9E3C-45BF-BEB0-83318F271B63,Six O Clock,PassengerCar,Backing,Eastbound,25.0,No,No,2001,JEEP,39.14432833,-77.1415445,Cherokee_Jeep,15,2025,11,5,15,Wednesday,2025-11-05,45
3663,MCP2760007S,250049105,Montgomery_County_Police,Property Damage Crash,2025-11-01 21:26:00,County_Route,CENTERWAY RD (WB/L),CLOPPER RD,Single Vehicle,Driver Inattention,Clear,Dry,Dark - Lighted,No Control,Suspect Alcohol Only,A756C5AA-3E57-4762-BE1F-52B71D44C34E,MD,CAD1B9B1-6DB3-49B5-B714-883DFFD1EE11,One O Clock,SportUtilityVehicle,MovingConstantSpeed,Northbound,35.0,No,No,2021,VOLKSWAGEN,39.17083237,-77.19682098,Atlas_Volkswagen,21,2025,11,1,21,Saturday,2025-11-01,44
3667,MCP2466006G,250049226,Montgomery_County_Police,Property Damage Crash,2025-11-02 19:12:00,Municipality_Route,ALDERWOOD DR (SB/L),DARNESTOWN RD (WB/L),Angle Collision,Right-of-Way Violation,Clear,Dry,Dark - Lighted,Stop Sign,None Detected,A1FFB32B-F1F4-4E48-8FF7-A674BA96F9BE,MD,58985321-D262-45A5-A577-E0791A72205B,Twelve O Clock,SportUtilityVehicle,Accelerating,Northbound,25.0,No,No,2014,TOYOTA,39.10647704,-77.23344636,Camry_Toyota,19,2025,11,2,19,Sunday,2025-11-02,44
3668,MCP28140055,250049428,Montgomery_County_Police,Injury Crash,2025-11-04 08:51:00,County_Route,DARNESTOWN RD,KEY WEST AVE,Rear-End (Same Direction),Congestion / Backup,Clear,Dry,Daylight,Traffic Signal,None Detected,9F03893E-065F-44CC-A514-FFBED9112936,MD,84DAD0BA-B5F1-49BF-995D-C7A633158604,Six O Clock,Van - Passenger (&lt;9 Seats),SlowingOrStopping,West,35.0,No,No,2020,TOYOTA,39.10053602,-77.21342483,Sienna_Toyota,8,2025,11,4,8,Tuesday,2025-11-04,45
3671,DD556700BG,250049550,Rockville_Police_Department,Property Damage Crash,2025-11-04 17:45:00,Municipality_Route,MANNAKEE ST,HUNGERFORD DR,Angle Collision,Right-of-Way Violation,Clear,Dry,Dark - Lighted,Traffic Signal,None Detected,BFB43700-8535-4BFD-A3AE-7CE8627D44F5,MD,B9967B0E-BC7F-4620-89E1-BA1BCFFB1B30,One O Clock,PassengerCar,MakingLeftTurn,North,35.0,No,No,2014,TOYOTA,39.09660713,-77.15331962,Corolla_Toyota,17,2025,11,4,17,Tuesday,2025-11-04,45
3674,MCP2552008B,250049138,Montgomery_County_Police,Injury Crash,2025-11-02 07:55:00,Maryland_State_Route,FISHER AVE,WESTERLY AVE,Single Vehicle,Lane Violation,Clear,Dry,Daylight,No Control,None Detected,82787C35-2CDA-4A19-83AE-6266BBD65148,MD,701989C7-33BA-4AB1-93D2-1882C86B0A87,Twelve O Clock,PassengerCar,MovingConstantSpeed,Westbound,30.0,No,No,2003,HONDA,39.13848039,-77.40693629,Civic_Honda,7,2025,11,2,7,Sunday,2025-11-02,44
3675,MCP003600JL,250049424,Montgomery_County_Police,Property Damage Crash,2025-11-04 08:40:00,County_Route,BOWIE MILL RD,EXECUTIVE BLVD,Single Vehicle,Driver Inattention,Clear,Dry,Daylight,No Control,None Detected,F41ED931-8D59-49D5-B713-C020DF5CE335,MD,2B520DA8-BCAB-4A31-A19F-743F79E156B9,Twelve O Clock,SchoolBus,MovingConstantSpeed,Southbound,40.0,No,No,2015,TOYOTA,39.13579745,-77.12089162,Camry_Toyota,8,2025,11,4,8,Tuesday,2025-11-04,45
3676,MCP3433000Y,250049028,Montgomery_County_Police,Injury Crash,2025-11-01 10:57:00,County_Route,MCKNEW RD,SANDY SPRING RD (WB/L),Angle Collision,Right-of-Way Violation,Clear,Dry,Daylight,Traffic Signal,None Detected,DDF94980-F7C1-4B96-BF3B-163910BDF6B6,MD,F9BD51BF-D2DF-45C3-AC93-D422E92A8EDF,Nine O Clock,PassengerCar,MovingConstantSpeed,Westbound,30.0,No,No,2005,TESLA,39.10636206,-76.91874253,Model Y_Tesla,10,2025,11,1,10,Saturday,2025-11-01,44
3679,MCP2466006J,250049375,Montgomery_County_Police,Property Damage Crash,2025-11-03 12:45:00,Municipality_Route,GEORGIA AVE,W JEFFERSON ST (WB/L) W MONTGOMERY AVE (EB/L),Angle Collision,Right-of-Way Violation,Clear,Dry,Daylight,Traffic Signal,None Detected,1ED1901D-EB02-46CD-A5AC-379A5A86E4E2,MD,0E9DC9E6-E596-4616-998B-BFF646B91315,Eleven O Clock,PassengerCar,MovingConstantSpeed,Westbound,30.0,No,No,2011,TOYOTA,39.08390699,-77.1567846,Camry_Toyota,12,2025,11,3,12,Monday,2025-11-03,45
3680,MCP320000GW,250049269,Montgomery_County_Police,Injury Crash,2025-11-03 08:41:00,Maryland_State_Route,SANDY SPRING RD (WB/L),VEIRS MILL RD,Rear-End (Same Direction),Tailgating,Cloudy,Dry,Daylight,Traffic Signal,None Detected,9F74774B-9E3E-407F-8CEE-2F7237A0AE51,MD,E635A67C-ABB7-4F31-9E5B-FCC158DEA148,Twelve O Clock,PassengerCar,MovingConstantSpeed,Eastbound,35.0,No,No,2025,VOLKSWAGEN,38.96308805,-77.10113529,Jetta_Volkswagen,8,2025,11,3,8,Monday,2025-11-03,45
3681,MCP3348004Y,250049566,Montgomery_County_Police,Property Damage Crash,2025-11-04 19:03:00,Other_Public_Roadway,CROWFOOT LA,WISTERIA DR,Single Vehicle,Passing / Turning,Clear,Dry,Dark - Not Lighted,No Control,None Detected,4E7A7047-22D2-42B7-8097-1E1DD973B4B7,MD,0AAE14C9-5FE6-4710-9039-C635BB946872,Underside,SportUtilityVehicle,MakingRightTurn,Southbound,20.0,No,No,2017,LEXUS,39.0790695,-76.98763717,RX_Lexus,19,2025,11,4,19,Tuesday,2025-11-04,45
3685,MCP9390003P,250049747,Montgomery_County_Police,Property Damage Crash,2025-11-05 18:29:00,Maryland_State_Route,VEIRS MILL RD,AUGUST DR,Single Vehicle,Driver Inattention,Clear,Wet,Dark - Lighted,No Control,None Detected,696F931E-90BE-4F86-A18E-A8DFE02701F0,MD,41012A28-7B56-4D53-9D3D-12C1FF76D25B,One O Clock,PassengerCar,MovingConstantSpeed,Not On Roadway,2.5,No,No,2017,ACURA,39.11303159,-77.19466388,MDX_Acura,18,2025,11,5,18,Wednesday,2025-11-05,45
3688,MCP3451000S,250049128,Montgomery_County_Police,Property Damage Crash,2025-11-02 03:08:00,US_State_Route,ALGONQUIN AVE,BLAIR RD EASTERN AVE,Rear-End (Same Direction),Tailgating,Clear,Dry,Dark - Lighted,Traffic Signal,None Detected,277838B3-8678-459B-BE6D-39187FFE3CBE,MD,42B6FB3C-C0ED-47C2-AB16-1A3783A6EC46,Twelve O Clock,PassengerCar,SlowingOrStopping,Southbound,35.0,No,No,2022,TOYOTA,38.98480357,-77.02665091,Camry_Toyota,3,2025,11,2,3,Sunday,2025-11-02,44
3689,DD556700BG,250049550,Rockville_Police_Department,Property Damage Crash,2025-11-04 17:45:00,Municipality_Route,MANNAKEE ST,HUNGERFORD DR,Angle Collision,Road Obstruction,Clear,Dry,Dark - Lighted,Traffic Signal,None Detected,607398BE-2A7A-432F-A4BB-8BC0F63C9676,MD,B7F9A91A-5081-4304-91D5-3F6DBF8D3648,Eleven O Clock,PassengerCar,MovingConstantSpeed,North,35.0,No,No,2003,ACURA,39.09660713,-77.15331962,TL_Acura,17,2025,11,4,17,Tuesday,2025-11-04,45
3693,DD556700BK,250049634,Rockville_Police_Department,Property Damage Crash,2025-11-05 10:59:00,Maryland_State_Route,ROCKVILLE PIKE,WAYNE AVE,Rear-End (Same Direction),Tailgating,Clear,Dry,Daylight,No Control,None Detected,C2A18946-2039-4426-B425-C9FCB527EA84,MD,7CE05F10-FF39-47EB-B976-04CC6CF9DDCF,Six O Clock,TransitBus,StoppedInTrafficLane,Northbound,35.0,No,No,2009,TOYOTA,39.06194766,-77.12396211,Camry_Toyota,10,2025,11,5,10,Wednesday,2025-11-05,45
3694,MCP2687004T,250049265,Montgomery_County_Police,Property Damage Crash,2025-11-03 07:48:00,County_Route,FAIRMONT AVE,OLD GEORGETOWN RD,Rear vs Side,Lane Violation,Clear,Dry,Daylight,No Control,None Detected,D0BDCB80-5F73-4FA7-B720-92ADD0133157,DC,3A1AAE1C-EAE3-439E-8232-C4BB1C9A96E8,Twelve O Clock,PassengerCar,MovingConstantSpeed,Northbound,25.0,No,No,2006,CHEVROLET,38.98705401,-77.09800514,HHR_Chevrolet,7,2025,11,3,7,Monday,2025-11-03,45
3697,MCP2351006J,250049145,Montgomery_County_Police,Injury Crash,2025-11-02 08:47:00,County_Route,BOU AVE,ROCKVILLE PIKE,Angle Collision,Right-of-Way Violation,Clear,Dry,Daylight,Traffic Signal,None Detected,579DC3B1-0A52-4725-9AA4-3FB8345CB164,MD,B31CBC99-0DB3-4E00-87D7-5C59ED1B98AC,Twelve O Clock,PassengerCar,MakingLeftTurn,Southbound,35.0,No,No,2025,HONDA,39.05622119,-77.1190437,Accord_Honda,8,2025,11,2,8,Sunday,2025-11-02,44
3698,MCP31630099,250049528,Montgomery_County_Police,Property Damage Crash,2025-11-04 15:50:00,County_Route,BOILING BROOK PKWY,ROCKING HORSE RD,Angle Collision,Right-of-Way Violation,Clear,Dry,Daylight,Stop Sign,None Detected,B2EE78C6-077F-476F-9521-3EAE8A6015FC,MD,7765C907-B383-4888-8C0F-9E6933C9CFA7,Three O Clock,PassengerCar,Accelerating,South,35.0,No,No,2016,TOYOTA,39.0477595,-77.09819817,Corolla_Toyota,15,2025,11,4,15,Tuesday,2025-11-04,45
3702,MCP29670078,250049556,Montgomery_County_Police,Property Damage Crash,2025-11-04 17:36:00,Government_Route,CLARA BARTON PKWY (NB/L),BRINK RD,Rear-End (Same Direction),Tailgating,Clear,Dry,Dark - Lighted,No Control,None Detected,4660E383-9D5F-4970-90C1-B46BB280EA51,MD,02CDC4A6-F4CE-4AFB-A294-21F754817770,Twelve O Clock,PassengerCar,SlowingOrStopping,Westbound,50.0,No,No,2015,TOYOTA,38.96815467,-77.142546,Camry_Toyota,17,2025,11,4,17,Tuesday,2025-11-04,45
3703,MCP3362006R,250049417,Montgomery_County_Police,Property Damage Crash,2025-11-04 08:28:00,Maryland_State_Route,UNIVERSITY BLVD E (WB/L),WILLIAMSBURG DR (WB/L),Angle Collision,Right-of-Way Violation,Clear,Dry,Daylight,Traffic Signal,None Detected,FFD9DADC-26EA-4A6E-843B-6B8614710C6A,MD,FB60A006-E4A9-4430-A05B-3B6FBD71D952,One O Clock,PassengerCar,MakingLeftTurn,Southbound,35.0,No,No,2010,HONDA,39.01786692,-77.00710595,CR-V_Honda,8,2025,11,4,8,Tuesday,2025-11-04,45
3704,MCP320000GW,250049269,Montgomery_County_Police,Injury Crash,2025-11-03 08:41:00,Maryland_State_Route,CONTOUR RD,VANDALIA DR,Rear-End (Same Direction),Congestion / Backup,Cloudy,Dry,Daylight,Traffic Signal,None Detected,F99551A9-47E6-4721-B281-764B4BD8AD5D,VA,89FDCB1B-DE12-4FE4-BB55-FF927CD5386C,Six O Clock,SportUtilityVehicle,StoppedInTrafficLane,Eastbound,35.0,No,No,2022,KIA,38.96308805,-77.10113529,Telluride_Kia,8,2025,11,3,8,Monday,2025-11-03,45
3717,MCP31760030,250049245,Montgomery_County_Police,Property Damage Crash,2025-11-02 21:44:00,Maryland_State_Route,16TH ST,GEORGIA AVE,Single Vehicle,Driver Inattention,Clear,Dry,Dark - Lighted,Warning Sign,None Detected,0D645CFE-7BF6-4EE1-B69F-09C44EADB724,MD,895D0F25-BE5E-4732-AE2C-F12756D3D958,Twelve O Clock,PassengerCar,MovingConstantSpeed,Northbound,35.0,No,No,2018,BMW,39.00578587,-77.03997207,4 Series_BMW,21,2025,11,2,21,Sunday,2025-11-02,44
3720,MCP2760007T,250049382,Montgomery_County_Police,Property Damage Crash,2025-11-03 20:13:00,County_Route,LOST KNIFE RD (NB/L),CONTOUR RD,Angle Collision,Road Obstruction,Clear,Dry,Dark - Lighted,Traffic Signal,None Detected,34AC6DE0-66FB-4CA8-BF53-97654FD3DAF1,MD,F256B71C-795F-4297-AE1F-F7592F1874BC,Twelve O Clock,PassengerCar,MovingConstantSpeed,East,35.0,No,No,2017,TOYOTA,39.154986,-77.2008215,Corolla_Toyota,20,2025,11,3,20,Monday,2025-11-03,45
3721,MCP3009009B,250049162,Montgomery_County_Police,Property Damage Crash,2025-11-02 12:23:00,Maryland_State_Route,EXECUTIVE BLVD,KING ST,Sideswipe (Opposite Direction),Passing / Turning,Clear,Dry,Daylight,No Control,None Detected,52A1E581-E3B3-45F3-ACC5-DF165DF70C87,MD,7C38B782-4AE8-4EE5-B6F1-32D066B9ABFD,Eleven O Clock,PassengerCar,MakingRightTurn,Southbound,2.5,No,No,2015,TOYOTA,39.20132697,-77.24667111,Corolla_Toyota,12,2025,11,2,12,Sunday,2025-11-02,44
3722,MCP3192006N,250049091,Montgomery_County_Police,Injury Crash,2025-11-01 18:00:00,Maryland_State_Route,CRABBS BRANCH WAY,EMORY CHURCH RD,Single Vehicle,Passing / Turning,Clear,Dry,Dark - Lighted,Stop Sign,None Detected,147BD74C-CA0E-4235-B344-E20CA1598CE4,MD,2E002FF3-B0FF-4F31-99BF-161B2159710E,VehicleNotAtScene,StationWagon,MovingConstantSpeed,Eastbound,2.5,No,No,1999,CHEVROLET,39.07988451,-77.07879294,Silverado_Chevrolet,18,2025,11,1,18,Saturday,2025-11-01,44
3723,MCP22910090,250049488,Montgomery_County_Police,Property Damage Crash,2025-11-04 12:43:00,Maryland_State_Route,ROCKVILLE PIKE,WISCONSIN AVE,Rear-End (Same Direction),Lane Violation,Clear,Dry,Daylight,No Control,None Detected,714F6901-1C8A-4FAF-BB62-F0BA4A3620B9,DC,F350E584-BD10-4ED4-A22B-F15E52F4A0F3,Six O Clock,OtherTruck,ChangingLanes,Northbound,35.0,No,No,2017,CHEVROLET,39.015174,-77.09970233,Silverado_Chevrolet,12,2025,11,4,12,Tuesday,2025-11-04,45
3732,MCP3358003R,250049023,Montgomery_County_Police,Property Damage Crash,2025-11-01 10:25:00,County_Route,WILLARD AVE,NEW HAMPSHIRE AVE,Angle Collision,Lane Violation,Clear,Dry,Daylight,Traffic Signal,None Detected,7F936D6A-20D8-4AE4-80A7-82D6C9B4967F,MD,E512F437-DC42-4FAC-889C-F9AB795F0A4E,Eleven O Clock,PassengerCar,ChangingLanes,Eastbound,30.0,No,No,2019,MERCEDES-BENZ,38.96184096,-77.08646547,GLE_Mercedes-Benz,10,2025,11,1,10,Saturday,2025-11-01,44
3734,MCP3433000Y,250049028,Montgomery_County_Police,Injury Crash,2025-11-01 10:57:00,County_Route,MCKNEW RD,SANDY SPRING RD (WB/L),Angle Collision,Right-of-Way Violation,Clear,Dry,Daylight,Traffic Signal,None Detected,BA65B2F7-AD64-4E59-AF71-BFFC83C1D39D,MD,1302480B-DF6B-4AFC-99F8-1A17EC5DB70E,Twelve O Clock,PassengerCar,MakingUTurn,Eastbound,30.0,No,No,2016,HONDA,39.10636206,-76.91874253,Accord_Honda,10,2025,11,1,10,Saturday,2025-11-01,44
3735,MCP2052004F,250049242,Montgomery_County_Police,Property Damage Crash,2025-11-02 19:35:00,Local_Route,GREENCASTLE RIDGE DR,NICHOLSON LA,Rear vs Side,Surface Condition,Clear,Dry,Dark - Lighted,No Control,None Detected,BB2E4144-43FD-44B0-B530-3406380FDCF8,MD,060515A0-A3FC-4FBF-8869-1C8EEC430F75,Eleven O Clock,PassengerCar,Parked,South,30.0,No,Yes,2013,HONDA,39.0767143,-76.93044261,Accord_Honda,19,2025,11,2,19,Sunday,2025-11-02,44
3736,MCP3389001H,250049022,Montgomery_County_Police,Injury Crash,2025-11-01 10:03:00,County_Route,MANSFIELD RD,DALE DR,Single Vehicle,Right-of-Way Violation,Clear,Dry,Daylight,Pedestrian Crossing,None Detected,6F8DDCB3-4EA6-4A42-8CB5-0C4897CBEAFD,MD,9C3B8A29-3D7B-4A33-8FEC-A52702C30541,VehicleNotAtScene,PassengerCar,Passing,Westbound,25.0,No,No,2015,TOYOTA,38.99651209,-77.01589103,Camry_Toyota,10,2025,11,1,10,Saturday,2025-11-01,44
3738,MCP2622005B,250049019,Montgomery_County_Police,Injury Crash,2025-11-01 09:46:00,County_Route,OLD COLUMBIA PIKE,FAIRLAND RD,Rear vs Side,Right-of-Way Violation,Clear,Dry,Daylight,Traffic Signal,None Detected,E5F9DD46-6468-4EDD-8BEB-0BC4581D32A1,MD,349D377D-7733-4ABB-9FEC-2BF969C10DD1,Twelve O Clock,PickupTruck,StoppedInTrafficLane,Northbound,25.0,No,No,2016,TOYOTA,39.07600598,-76.95778581,Camry_Toyota,9,2025,11,1,9,Saturday,2025-11-01,44
3739,MCP3254004R,250049667,Montgomery_County_Police,Property Damage Crash,2025-11-05 12:44:00,Maryland_State_Route,FREDERICK RD (SB/L),END BRIDGE,Sideswipe (Same Direction),Lane Violation,Clear,Dry,Daylight,No Control,None Detected,F278D87F-BF66-419D-814E-80F965694156,MD,44F39398-4D08-4E89-BD5C-CD406CACB054,Ten O Clock,PassengerCar,ChangingLanes,Southbound,40.0,No,No,2003,TOYOTA,39.18015885,-77.238611,Corolla_Toyota,12,2025,11,5,12,Wednesday,2025-11-05,45
3743,MCP3095006C,250049216,Montgomery_County_Police,Property Damage Crash,2025-11-02 16:59:00,County_Route,BIRMINGHAM DR,GUNNERS BRANCH RD,Sideswipe (Same Direction),Lane Violation,Clear,Dry,Dark - Not Lighted,No Control,None Detected,53B58BB5-E480-44D0-B629-05085FE7C545,MD,88A2872B-3A06-47D3-8B08-2F450C1D448D,Eight O Clock,SportUtilityVehicle,MovingConstantSpeed,Westbound,45.0,No,No,2024,NISSAN,39.10639833,-76.91465183,Rogue_Nissan,16,2025,11,2,16,Sunday,2025-11-02,44
3756,MCP2536005H,250048992,Montgomery_County_Police,Injury Crash,2025-11-01 01:51:00,Bicycle_Route,RANDOLPH RD,CARROLL AVE,Rear-End (Same Direction),Tailgating,Clear,Dry,Dark - Lighted,No Control,None Detected,D5C150EC-9D5C-41F3-9312-B59A916767A2,MD,2E76EFE8-ED26-4E63-855A-28A8AE6C0672,Twelve O Clock,PassengerCar,MovingConstantSpeed,Westbound,40.0,No,No,2022,FORD,39.13700983,-77.2521758,F-150_Ford,1,2025,11,1,1,Saturday,2025-11-01,44
3758,MCP22700058,250049419,Montgomery_County_Police,Property Damage Crash,2025-11-04 08:10:00,Maryland_State_Route,RIVER RD (WB/L),NO NAME,Sideswipe (Same Direction),Lane Violation,Clear,Dry,Daylight,No Control,None Detected,B532381C-FFBF-4924-B5F1-50F435F0BE90,MD,4B243CD4-D7D5-41EC-99CD-70512D16558A,One O Clock,PassengerCar,ChangingLanes,Westbound,35.0,No,No,2019,MERCEDES-BENZ,38.97279,-77.121737,GLC_Mercedes-Benz,8,2025,11,4,8,Tuesday,2025-11-04,45
3760,DD556700BJ,250049616,Rockville_Police_Department,Injury Crash,2025-11-05 09:55:00,Maryland_State_Route,UNIVERSITY BLVD W,RAMP 5 FR RAMP 8 (FR IS270) TO MD 118 EB,Single Vehicle,Driver Inattention,Clear,Dry,Daylight,No Control,None Detected,65C76969-8C02-4970-8658-6FF48607F358,MD,B4239288-280A-44E7-AED7-C0CA677A5F0B,Twelve O Clock,SportUtilityVehicle,MovingConstantSpeed,Not On Roadway,2.5,No,No,2011,HONDA,39.06791886,-77.12957396,CR-V_Honda,9,2025,11,5,9,Wednesday,2025-11-05,45
3763,MCP3233005Y,250048934,Montgomery_County_Police,Property Damage Crash,2025-11-01 15:20:00,County_Route,CEDAR LA,CROSSOVER,Single Vehicle,Road Obstruction,Clear,Wet,Daylight,Traffic Signal,None Detected,23A4B5D7-A52C-4CDE-9C6E-B810DD4ADF24,MD,C0BC4454-047E-492F-9BB9-F11E04D27E13,VehicleNotAtScene,PassengerCar,MakingLeftTurn,Unknown,2.5,No,No,2014,NISSAN,38.98760305,-76.9963247,Altima_Nissan,15,2025,11,1,15,Saturday,2025-11-01,44
3767,MCP3358003R,250049023,Montgomery_County_Police,Property Damage Crash,2025-11-01 10:25:00,County_Route,WILLARD AVE,MIDDLEBROOK RD,Angle Collision,Lane Violation,Clear,Dry,Daylight,Traffic Signal,None Detected,6B45C789-00D4-49C2-BC40-0F3371AF035C,MD,143E1FD2-0415-4EB8-8BFD-84965ABD720E,Two O Clock,PassengerCar,ChangingLanes,Eastbound,30.0,No,No,2022,HYUNDAI,38.96184096,-77.08646547,Tucson_Hyundai,10,2025,11,1,10,Saturday,2025-11-01,44
3771,MCP291700FC,250049437,Montgomery_County_Police,Injury Crash,2025-11-04 09:53:00,Spur_Route,VEIRS MILL RD,HEATHFIELD RD,Sideswipe (Same Direction),Lane Violation,Clear,Dry,Daylight,No Control,None Detected,94BD54E4-67E7-41BF-8820-7FE8FC752716,DE,4B70DCA6-BCF6-4632-871F-32264AF7A022,One O Clock,Van - Passenger (&lt;9 Seats),ChangingLanes,Southbound,45.0,No,No,2014,NISSAN,39.14147423,-77.15177513,Altima_Nissan,9,2025,11,4,9,Tuesday,2025-11-04,45
3773,MCP9301005Y,250049640,Montgomery_County_Police,Injury Crash,2025-11-05 11:00:00,Ramp_Route,RAMP 5 FR IS 270 SB TO IS 370 EB,QUINCE ORCHARD RD,Sideswipe (Same Direction),Passing / Turning,Clear,Dry,Daylight,No Control,None Detected,60B55F9F-22E9-447D-80AB-D81C5B98A295,MD,CD7DB1D4-216E-4DDC-9646-8804550E67F0,Eleven O Clock,Motorcycle2Wheeled,MovingConstantSpeed,Eastbound,30.0,No,No,2016,AUDI,39.12217435,-77.19352841,A4_Audi,11,2025,11,5,11,Wednesday,2025-11-05,45
3775,MCP32990057,250049405,Montgomery_County_Police,Property Damage Crash,2025-11-04 06:00:00,County_Route,HEATHFIELD RD,BIG WOODS RD,Rear-End (Same Direction),Driver Inattention,Clear,Dry,Daylight,No Control,Suspect Alcohol Only,B90E4E32-004B-40ED-B2F4-8B7D32F6F63A,MD,525E0259-9FFA-48BF-9EE8-C58D64E2A100,Twelve O Clock,PickupTruck,MovingConstantSpeed,Eastbound,25.0,No,No,2021,CHEVROLET,39.08713683,-77.081425,Colorado_Chevrolet,6,2025,11,4,6,Tuesday,2025-11-04,45
3783,MCP32770045,250049251,Montgomery_County_Police,Property Damage Crash,2025-11-03 00:33:00,County_Route,WIGHTMAN RD,HAWKES RD,Single Vehicle,Lane Violation,Clear,Dry,Dark - Not Lighted,No Control,None Detected,4E7EB4DB-F8AF-4BA7-9E15-DD4B9520FD7D,MD,7CA33193-3A00-467B-9355-B92B6DD4A7EE,Eleven O Clock,SportUtilityVehicle,MovingConstantSpeed,Southbound,35.0,No,No,2025,TOYOTA,39.195776,-77.19617883,Corolla Cross_Toyota,0,2025,11,3,0,Monday,2025-11-03,45
3785,MCP3463000Z,250049135,Montgomery_County_Police,Property Damage Crash,2025-11-02 04:19:00,Maryland_State_Route,LAYHILL RD (SB/L),SNOUFFERS SCHOOL RD WIGHTMAN RD,Single Vehicle,Lane Violation,Clear,Dry,Dark - Lighted,No Control,None Detected,DA3BCC7C-6F33-4EB4-A75F-57527F776EB3,MD,86958FA0-53F0-42E7-B3E9-DC6A0B94D080,Twelve O Clock,PassengerCar,MovingConstantSpeed,Northbound,40.0,No,No,2017,LAND ROVER,39.09271033,-77.045238,Range Rover Sport_Land Rover,4,2025,11,2,4,Sunday,2025-11-02,44
3787,MCP30090099,250049056,Montgomery_County_Police,Property Damage Crash,2025-11-01 14:30:00,Maryland_State_Route,FREDERICK RD,GLENBROOK PKWY,Sideswipe (Same Direction),Lane Violation,Clear,Dry,Daylight,Traffic Signal,None Detected,C01D33D5-2D3E-4A9D-A048-94BA509F0ED9,MD,236A2A5E-A9C5-4C1B-8C7F-D5BD599CCEF4,Eight O Clock,PassengerCar,ChangingLanes,Northbound,40.0,No,No,2013,HYUNDAI,39.19819836,-77.24478191,Elantra_Hyundai,14,2025,11,1,14,Saturday,2025-11-01,44
3791,DD5671001H,250049223,Rockville_Police_Department,Property Damage Crash,2025-11-02 19:00:00,Maryland_State_Route,NORBECK RD (WB/L),OAKMONT AVE,Rear-End (Same Direction),Tailgating,Clear,Dry,Dark - Lighted,Flashing Traffic Signal,None Detected,5329E44B-306B-435C-B67C-1BE465AB39E5,MD,24BCFC3D-2312-43D0-861B-E1DBFD09CF00,Twelve O Clock,PassengerCar,MovingConstantSpeed,Westbound,40.0,No,No,2013,CHEVROLET,39.09308715,-77.1225974,Camaro_Chevrolet,19,2025,11,2,19,Sunday,2025-11-02,44
3797,DD5690000L,250049402,Rockville_Police_Department,Property Damage Crash,2025-11-04 02:46:00,Municipality_Route,ROYAL CRESCENT,LONGDRAFT RD,Rear-End (Same Direction),Driver Inattention,Clear,Dry,Dark - Lighted,No Control,None Detected,C4024EC3-0578-4B50-B898-E74AE80E5BBC,MD,07C01BBF-3D28-4446-9B35-C832C4910CAD,Twelve O Clock,PassengerCar,MovingConstantSpeed,Southbound,10.0,No,No,2025,TOYOTA,39.11537194,-77.18003036,Camry_Toyota,2,2025,11,4,2,Tuesday,2025-11-04,45
3799,MCP3379002J,250049209,Montgomery_County_Police,Property Damage Crash,2025-11-02 17:38:00,County_Route,RICHTER FARM RD (EB/L),GERMANTOWN RD,Angle Collision,Traffic Control Violation,Clear,Dry,Dark - Not Lighted,Traffic Signal,None Detected,ECDC9F87-865F-40F5-ADA3-6A729F2B34E9,MD,D9EA941C-D35F-4BB4-9F7A-7E1EC2DE5BB4,Ten O Clock,PassengerCar,MovingConstantSpeed,Westbound,35.0,No,No,2022,HYUNDAI,39.15411916,-77.28730416,Santa Fe_Hyundai,17,2025,11,2,17,Sunday,2025-11-02,44
3801,MCP33720046,250049188,Montgomery_County_Police,Property Damage Crash,2025-11-02 14:01:00,County_Route,CONNECTICUT AVE (SB/L),SPUR TO SHADY GROVE RD,Sideswipe (Opposite Direction),Lane Violation,Clear,Dry,Daylight,No Control,None Detected,19F97C16-4465-4055-BB3D-A1982B5B61F0,MD,1B8F337B-C9A5-4AA8-96A4-56DECBF0BEA0,One O Clock,PassengerCar,MovingConstantSpeed,Westbound,25.0,No,No,2010,LEXUS,39.08415152,-77.07692085,RX_Lexus,14,2025,11,2,14,Sunday,2025-11-02,44
3803,DD5653005V,250049013,Rockville_Police_Department,Injury Crash,2025-11-01 08:18:00,Municipality_Route,MONROE ST,FLEET ST,Single Vehicle,Road Obstruction,Clear,Dry,Dawn,Traffic Signal,None Detected,837552AD-C86A-4099-BD03-0A920F0A56A8,MD,11357008-DE1B-4244-A23C-77823F1C6616,VehicleNotAtScene,SportUtilityVehicle,MovingConstantSpeed,South,30.0,No,No,2018,VOLKSWAGEN,39.08082373,-77.15005467,Jetta_Volkswagen,8,2025,11,1,8,Saturday,2025-11-01,44
3804,MCP296200BP,250049045,Montgomery_County_Police,Injury Crash,2025-11-01 13:26:00,County_Route,MIDDLEBROOK RD (WB/L),CALVERTON BLVD,Rear-End (Same Direction),Tailgating,Clear,Dry,Daylight,No Control,None Detected,63B78240-FCAB-4D6A-8390-89028C0A4242,MD,781B4202-51A9-4F07-979E-3B32D02AA92B,Six O Clock,PassengerCar,SlowingOrStopping,Westbound,35.0,No,No,2024,HONDA,39.17520433,-77.25852783,Accord_Honda,13,2025,11,1,13,Saturday,2025-11-01,44
3806,MCP29670078,250049556,Montgomery_County_Police,Property Damage Crash,2025-11-04 17:36:00,Government_Route,CLARA BARTON PKWY (NB/L),NO NAME,Rear-End (Same Direction),Tailgating,Clear,Dry,Dark - Lighted,No Control,None Detected,40BFE2FA-03B3-4906-87F9-EF6408EDD348,VA,E1E5AFB7-64E1-4D06-9BD0-147C46320137,Six O Clock,SportUtilityVehicle,StoppedInTrafficLane,Westbound,50.0,No,No,2024,MERCEDES-BENZ,38.96815467,-77.142546,GLC_Mercedes-Benz,17,2025,11,4,17,Tuesday,2025-11-04,45
3807,EJ7871008T,250049079,Gaithersburg_Police_Department,Injury Crash,2025-11-01 17:25:00,County_Route,DIAMONDBACK DR,MUDDY BRANCH RD (SB/L),Single Vehicle,Right-of-Way Violation,Clear,Dry,Daylight,Traffic Signal,None Detected,01EDDAC1-7FD0-42E3-93E5-E688CF4173A4,MD,858E1700-BDEA-48B5-ADC1-5133E09B7B46,Twelve O Clock,PassengerCar,MakingLeftTurn,West,35.0,No,No,2023,TESLA,39.11518823,-77.21596697,Model Y_Tesla,17,2025,11,1,17,Saturday,2025-11-01,44
3809,MCP22910090,250049488,Montgomery_County_Police,Property Damage Crash,2025-11-04 12:43:00,Maryland_State_Route,ROCKVILLE PIKE,BALTIMORE RD,Rear-End (Same Direction),Tailgating,Clear,Dry,Daylight,No Control,None Detected,343635A1-88C1-4FF4-A58B-37D8A1404501,MD,248A5CCF-B9E5-4FB2-BC96-2F65F0048570,Eleven O Clock,PassengerCar,MovingConstantSpeed,Northbound,35.0,No,No,2013,HONDA,39.015174,-77.09970233,Pilot_Honda,12,2025,11,4,12,Tuesday,2025-11-04,45
3810,MCP291700FC,250049437,Montgomery_County_Police,Injury Crash,2025-11-04 09:53:00,Spur_Route,REDLAND BLVD,SHADY GROVE RD,Sideswipe (Same Direction),Lane Violation,Clear,Dry,Daylight,No Control,None Detected,BA4A0497-ABD5-414E-A4CC-9C7578E1B61C,MD,B4C4B8EB-C497-4676-95EF-104F9FF373E7,Six O Clock,PassengerCar,MovingConstantSpeed,Southbound,45.0,No,No,2014,TOYOTA,39.14147423,-77.15177513,Camry_Toyota,9,2025,11,4,9,Tuesday,2025-11-04,45
3811,MCP25860083,250049225,Montgomery_County_Police,Property Damage Crash,2025-11-02 18:33:00,County_Route,GRIFFITH RD,JUDSON RD,Single Vehicle,Lane Violation,Clear,Dry,Dark - Lighted,No Control,None Detected,9E7ABA57-E1BE-4361-82EE-6484C21A149E,MD,1BA1D535-5B15-4B9C-8982-A97F580E068D,One O Clock,SportUtilityVehicle,LeavingTrafficLane,Northbound,30.0,No,No,2017,JEEP,39.22760472,-77.12793781,Cherokee_Jeep,18,2025,11,2,18,Sunday,2025-11-02,44
3815,MCP3379002J,250049209,Montgomery_County_Police,Property Damage Crash,2025-11-02 17:38:00,County_Route,RICHTER FARM RD (EB/L),GERMANTOWN RD,Angle Collision,Right-of-Way Violation,Clear,Dry,Dark - Not Lighted,Traffic Signal,None Detected,CEDD19A0-7027-40F2-A7E1-ABBC53932DB5,MD,3376EDEA-5AE4-4C56-9459-148E42EED700,Twelve O Clock,PassengerCar,MakingLeftTurn,Westbound,35.0,No,No,2023,HYUNDAI,39.15411916,-77.28730416,IONIQ 5_Hyundai,17,2025,11,2,17,Sunday,2025-11-02,44
3818,MCP2637006D,250049305,Montgomery_County_Police,Property Damage Crash,2025-11-03 12:41:00,County_Route,HEATHFIELD RD,TRAVILAH RD,Rear-End (Same Direction),Speed Related,Clear,Dry,Daylight,Traffic Signal,None Detected,418B0206-83D8-4BCF-913A-D64105F97518,MD,1C13ABDC-B25C-4124-B169-6143BA5BC01C,Twelve O Clock,PassengerCar,SlowingOrStopping,South,35.0,No,No,2009,BUICK,39.09701341,-77.20723657,Encore_Buick,12,2025,11,3,12,Monday,2025-11-03,45
3819,MCP3080005W,250049371,Montgomery_County_Police,Injury Crash,2025-11-03 18:55:00,Maryland_State_Route,GERMANTOWN RD (SB/L),WALKERS CHOICE RD,Rear-End (Same Direction),Tailgating,Clear,Dry,Dark - Lighted,Traffic Signal,None Detected,30357CE7-A099-491E-B7B0-07E647697150,MD,49493879-488C-43EE-B2A2-3661819C296C,Twelve O Clock,PassengerCar,MovingConstantSpeed,Northbound,40.0,No,No,2008,MERCEDES-BENZ,39.1630825,-77.28298087,Gl_Mercedes-Benz,18,2025,11,3,18,Monday,2025-11-03,45
3828,MCP32990057,250049405,Montgomery_County_Police,Property Damage Crash,2025-11-04 06:00:00,County_Route,HEATHFIELD RD,MARLYN DR,Rear-End (Same Direction),Road Obstruction,Clear,Dry,Daylight,No Control,None Detected,102BC760-AF24-4733-BEAD-8BC9BCFCE72A,MD,C7821905-6124-4641-9E92-E18FD573C216,Six O Clock,PassengerCar,Parked,East,25.0,No,Yes,2014,CHEVROLET,39.08713683,-77.081425,Equinox_Chevrolet,6,2025,11,4,6,Tuesday,2025-11-04,45
3829,MCP2445007M,250049041,Montgomery_County_Police,Injury Crash,2025-11-01 12:54:00,County_Route,SENECA MEADOWS PKWY,GEORGIA AVE,Single Vehicle,Right-of-Way Violation,Clear,Dry,Daylight,Pedestrian Crossing,None Detected,273B76C8-B096-4249-9E7B-77B3B77A5576,MD,9007D649-7632-48BD-A63C-12189B984968,Twelve O Clock,PassengerCar,MovingConstantSpeed,Northbound,30.0,No,No,2023,TOYOTA,39.19711333,-77.25765667,Camry_Toyota,12,2025,11,1,12,Saturday,2025-11-01,44
3833,MCP3407001V,250049208,Montgomery_County_Police,Injury Crash,2025-11-02 17:29:00,Maryland_State_Route,FREDERICK RD,GUNNERS BRANCH RD,Angle Collision,Passing / Turning,Clear,Dry,Dark - Lighted,Traffic Signal,None Detected,419F05BB-3946-4C6C-AB0D-42EEAD5C83BA,VA,0C50975C-A872-4BAD-B9E2-DF479116C96B,Four O Clock,PassengerCar,MakingLeftTurn,Southbound,35.0,No,No,2017,HYUNDAI,39.1784194,-77.23839788,Tucson_Hyundai,17,2025,11,2,17,Sunday,2025-11-02,44
3834,MCP24870047,250049411,Montgomery_County_Police,Property Damage Crash,2025-11-04 07:15:00,County_Route,RIDGE DR,SUNSET DR,Other,Right-of-Way Violation,Clear,Dry,Daylight,Stop Sign,None Detected,51EC94E3-797B-454D-BD73-7806ED287E59,MD,AC7C8B67-BA75-42CE-BFCF-A35F17E1025C,Eleven O Clock,PassengerCar,MovingConstantSpeed,Eastbound,25.0,No,No,2020,BMW,39.0733535,-77.20182467,3 Series_BMW,7,2025,11,4,7,Tuesday,2025-11-04,45
3836,MCP3407001V,250049208,Montgomery_County_Police,Injury Crash,2025-11-02 17:29:00,Maryland_State_Route,FREDERICK RD,GUNNERS BRANCH RD,Angle Collision,Right-of-Way Violation,Clear,Dry,Dark - Lighted,Traffic Signal,None Detected,230630F2-F316-44D8-AEF4-E7FB8F1C5524,MD,999D351C-CCB6-4658-8080-4EE0AF598A9F,Twelve O Clock,PassengerCar,MovingConstantSpeed,Northbound,35.0,No,No,2022,TOYOTA,39.1784194,-77.23839788,Corolla Cross_Toyota,17,2025,11,2,17,Sunday,2025-11-02,44
3837,MCP31630099,250049528,Montgomery_County_Police,Property Damage Crash,2025-11-04 15:50:00,County_Route,BOILING BROOK PKWY,ROCKING HORSE RD,Angle Collision,Road Obstruction,Clear,Dry,Daylight,No Control,None Detected,CD344948-AA55-4E65-ACFA-58CF4243D6DE,MD,DAEE903D-3144-4054-98D9-892ED3783A27,Twelve O Clock,PassengerCar,MovingConstantSpeed,West,35.0,No,No,2018,LEXUS,39.0477595,-77.09819817,IS_Lexus,15,2025,11,4,15,Tuesday,2025-11-04,45
3839,EJ7884007J,250049594,Gaithersburg_Police_Department,Property Damage Crash,2025-11-05 02:13:00,County_Route,WESTLAKE DR,CLOVERLY ST,Single Vehicle,Lane Violation,Clear,Dry,Dark - Not Lighted,Flashing Traffic Signal,Suspect Alcohol Only,D08D1A1E-4D12-4422-B314-F9A1797F2C2B,MD,5AA9C392-47A5-46C8-8494-45DE8B052ADD,Twelve O Clock,SportUtilityVehicle,MovingConstantSpeed,Northbound,2.5,No,No,2025,TOYOTA,39.14166312,-77.21255908,Corolla Cross_Toyota,2,2025,11,5,2,Wednesday,2025-11-05,45
3840,MCP2351006J,250049145,Montgomery_County_Police,Injury Crash,2025-11-02 08:47:00,County_Route,BOU AVE,ROCKVILLE PIKE,Angle Collision,Right-of-Way Violation,Clear,Dry,Daylight,Traffic Signal,None Detected,0F1C778A-CD4A-4A2B-9ADD-C7BBBE41B7DC,MD,690931E8-22A6-4B27-9028-D18467B82BCB,Twelve O Clock,PassengerCar,MovingConstantSpeed,Northbound,35.0,No,No,2024,BMW,39.05622119,-77.1190437,X1_BMW,8,2025,11,2,8,Sunday,2025-11-02,44
3842,MCP3254004R,250049667,Montgomery_County_Police,Property Damage Crash,2025-11-05 12:44:00,Maryland_State_Route,FREDERICK RD (SB/L),S STONESTREET AVE,Sideswipe (Same Direction),Lane Violation,Clear,Dry,Daylight,No Control,None Detected,CE6488A6-8CBD-4DE2-ADAB-6F69C84CB896,MD,56F0ACFF-B0CC-445F-BB9F-466B99D179A5,Three O Clock,Other,MovingConstantSpeed,Southbound,40.0,No,No,2023,FORD,39.18015885,-77.238611,Transit_Ford,12,2025,11,5,12,Wednesday,2025-11-05,45
3845,MCP20590090,250049279,Montgomery_County_Police,Property Damage Crash,2025-11-03 09:52:00,Maryland_State_Route,ROCKVILLE PIKE (SB/L),RAMP 6 FR IS 495 EB TO MD 355 SB,Sideswipe (Same Direction),Lane Violation,Cloudy,Dry,Daylight,No Control,None Detected,7D9E6405-5DD3-425F-8E6E-786E2667375D,MD,0B938D55-A7A6-46DB-AE07-6629621758A7,Seven O Clock,PassengerCar,ChangingLanes,Southbound,35.0,No,No,2023,FORD,39.01623339,-77.10098298,F-150_Ford,9,2025,11,3,9,Monday,2025-11-03,45
3846,MCP34300012,250049021,Montgomery_County_Police,Property Damage Crash,2025-11-01 10:00:00,County_Route,MANSFIELD RD,DALE DR,Rear-End (Same Direction),Tailgating,Clear,Dry,Daylight,Pedestrian Crossing,None Detected,D0189441-CC6E-4ADC-ACD4-AC5B4415B591,MD,F634C6B9-6F67-4FA5-B5F2-CF8A026DDFEC,Twelve O Clock,Van - Passenger (&lt;9 Seats),MovingConstantSpeed,Westbound,20.0,No,No,2001,NISSAN,38.99644817,-77.0158185,Altima_Nissan,10,2025,11,1,10,Saturday,2025-11-01,44
3848,DD556700BF,250049530,Rockville_Police_Department,Property Damage Crash,2025-11-04 16:12:00,Maryland_State_Route,E JEFFERSON ST,W CAMPUS DR,Sideswipe (Same Direction),Right-of-Way Violation,Clear,Dry,Daylight,Traffic Signal,None Detected,837C2473-FB0A-4560-AEEE-64DAD9298566,MD,26234248-74C7-4D11-B30F-D2415057D40E,Four O Clock,TransitBus,MakingLeftTurn,Eastbound,30.0,No,No,2016,TOYOTA,39.08193791,-77.14928502,Corolla_Toyota,16,2025,11,4,16,Tuesday,2025-11-04,45
3850,MCP311100BJ,250049480,Montgomery_County_Police,Injury Crash,2025-11-04 12:11:00,Maryland_State_Route,EAST WEST HWY,CONNECTICUT AVE,Rear-End (Same Direction),Congestion / Backup,Clear,Dry,Daylight,Traffic Signal,None Detected,1067264B-3D74-4935-963C-B9E39F979E84,MD,3F92E135-6CDF-4DC9-AAA3-8693C32CA7A1,Seven O Clock,PickupTruck,SlowingOrStopping,West,30.0,No,No,2017,FORD,38.9879166,-77.07708385,F-150_Ford,12,2025,11,4,12,Tuesday,2025-11-04,45
3852,MCP3362006R,250049417,Montgomery_County_Police,Property Damage Crash,2025-11-04 08:28:00,Maryland_State_Route,UNIVERSITY BLVD E (WB/L),WILLIAMSBURG DR (WB/L),Angle Collision,Right-of-Way Violation,Clear,Dry,Daylight,Traffic Signal,None Detected,4F5476F4-69D2-48D3-89B9-B9FF692FF293,MD,66425EF3-BACC-46F2-A00D-8A8270248A08,One O Clock,PassengerCar,Accelerating,Southbound,35.0,No,No,2022,SUBARU,39.01786692,-77.00710595,Crosstrek_Subaru,8,2025,11,4,8,Tuesday,2025-11-04,45
3854,MCP2940008N,250049621,Montgomery_County_Police,Property Damage Crash,2025-11-05 09:20:00,Maryland_State_Route,CONNECTICUT AVE,BEACH DR,Other,Lane Violation,Clear,Dry,Daylight,No Control,None Detected,24AF2D75-D705-44CB-B217-8A459AB6317E,MD,D8CA5259-2D9B-4FF9-8714-54D8DE9ED4A5,One O Clock,PickupTruck,MovingConstantSpeed,Northbound,35.0,No,No,2016,MERCEDES-BENZ,38.98011178,-77.07709458,C300_Mercedes-Benz,9,2025,11,5,9,Wednesday,2025-11-05,45
3855,DD556700BH,250049606,Rockville_Police_Department,Property Damage Crash,2025-11-05 07:57:00,Interstate_Route,EISENHOWER MEMORIAL HWY (SB/L),STRATOS LA,Rear-End (Same Direction),Tailgating,Clear,Dry,Daylight,No Control,None Detected,ED980F39-961F-4CC4-B712-32982B1C0170,VA,C44A3F4E-6858-424A-9E4C-D0099271F130,Six O Clock,PassengerCar,StoppedInTrafficLane,Southbound,55.0,No,No,2019,TOYOTA,39.10726218,-77.18414616,Camry_Toyota,7,2025,11,5,7,Wednesday,2025-11-05,45
3856,DD5671001H,250049223,Rockville_Police_Department,Property Damage Crash,2025-11-02 19:00:00,Maryland_State_Route,NORBECK RD (WB/L),LAUDERDALE DR,Rear-End (Same Direction),Tailgating,Clear,Dry,Dark - Lighted,Flashing Traffic Signal,None Detected,889BF431-A480-44E7-964B-C2F69337F41C,VA,C81B2E3B-E252-4857-939D-E40C8080A39C,Six O Clock,SportUtilityVehicle,SlowingOrStopping,Westbound,40.0,No,No,2023,NISSAN,39.09308715,-77.1225974,Rogue_Nissan,19,2025,11,2,19,Sunday,2025-11-02,44
3857,MCP3451000S,250049128,Montgomery_County_Police,Property Damage Crash,2025-11-02 03:08:00,US_State_Route,MUDDY BRANCH RD,BLAIR RD EASTERN AVE,Rear-End (Same Direction),Driver Inattention,Clear,Dry,Dark - Lighted,Traffic Signal,None Detected,722513BF-8878-4CF5-BF77-874012AE4B0E,MD,1DF81678-200B-4528-95AE-1E6F4A0B89B1,Six O Clock,PassengerCar,StoppedInTrafficLane,Southbound,35.0,No,No,2023,BMW,38.98480357,-77.02665091,X6_BMW,3,2025,11,2,3,Sunday,2025-11-02,44
3864,MCP2536005H,250048992,Montgomery_County_Police,Injury Crash,2025-11-01 01:51:00,Bicycle_Route,GEORGIA AVE,LAKE SHORE DR,Rear-End (Same Direction),Driver Inattention,Clear,Dry,Dark - Lighted,No Control,None Detected,B948729E-D284-47D9-A567-A3A5A6641E53,MD,CB27EF55-0297-4AD6-8377-F2BDA2C21F2D,Six O Clock,PassengerCar,MovingConstantSpeed,Westbound,40.0,No,No,2015,TOYOTA,39.13700983,-77.2521758,Camry_Toyota,1,2025,11,1,1,Saturday,2025-11-01,44
3865,MCP2948007Z,250049062,Montgomery_County_Police,Property Damage Crash,2025-11-01 15:06:00,Maryland_State_Route,GEORGIA AVE (SB/L),GERMANTOWN RD,Sideswipe (Same Direction),Lane Violation,Clear,Dry,Daylight,Traffic Signal,None Detected,27246A8C-084E-4C63-A11E-8B6F5148B8EA,MD,0B32F628-2107-45AC-9A34-5116665714E9,Two O Clock,Other,SlowingOrStopping,Southbound,35.0,No,No,2023,BMW,39.04751298,-77.05208534,M2_BMW,15,2025,11,1,15,Saturday,2025-11-01,44
3870,MCP2466006J,250049375,Montgomery_County_Police,Property Damage Crash,2025-11-03 12:45:00,Municipality_Route,FREDERICK RD,W JEFFERSON ST (WB/L) W MONTGOMERY AVE (EB/L),Angle Collision,Right-of-Way Violation,Clear,Dry,Daylight,Traffic Signal,None Detected,D9728CAC-531E-4AA3-A69A-E8C2A90CC869,FL,3DA92B24-48F4-4309-8C01-086B405402B4,VehicleNotAtScene,PassengerCar,ChangingLanes,Westbound,30.0,No,No,2013,TOYOTA,39.08390699,-77.1567846,Corolla_Toyota,12,2025,11,3,12,Monday,2025-11-03,45
3876,MCP311100BJ,250049480,Montgomery_County_Police,Injury Crash,2025-11-04 12:11:00,Maryland_State_Route,EAST WEST HWY,CONNECTICUT AVE,Rear-End (Same Direction),Congestion / Backup,Clear,Dry,Daylight,Traffic Signal,None Detected,C4246ACE-4683-4F76-8173-36F0D7B12178,DC,5E9EECDE-C517-47CB-8370-0F9349AD111F,One O Clock,PassengerCar,MovingConstantSpeed,North,30.0,No,No,2021,HONDA,38.9879166,-77.07708385,CR-V_Honda,12,2025,11,4,12,Tuesday,2025-11-04,45
3877,DD556700BH,250049606,Rockville_Police_Department,Property Damage Crash,2025-11-05 07:57:00,Interstate_Route,EISENHOWER MEMORIAL HWY (SB/L),SHAKESPEARE BLVD,Rear-End (Same Direction),Tailgating,Clear,Dry,Daylight,No Control,None Detected,4375D228-8D26-4058-BFAB-3504C16FC92F,MD,AF65BD24-6A37-4B49-BE4A-CF7C275A8F8C,Twelve O Clock,PassengerCar,MovingConstantSpeed,Southbound,55.0,No,No,2013,HONDA,39.10726218,-77.18414616,Civic_Honda,7,2025,11,5,7,Wednesday,2025-11-05,45
3880,MCP3407001T,250049092,Montgomery_County_Police,Injury Crash,2025-11-01 19:17:00,County_Route,SHAKESPEARE BLVD (WB/L),NEWGATE RD,Angle Collision,Traffic Control Violation,Clear,Dry,Dark - Lighted,Stop Sign,None Detected,5DCBF0DE-805F-4200-969F-D74F4EED57D7,MD,E072D67B-4B32-4154-9F70-9EC0058226F3,Eleven O Clock,PassengerCar,MovingConstantSpeed,Westbound,25.0,No,No,2008,HONDA,39.19742128,-77.24996654,Pilot_Honda,19,2025,11,1,19,Saturday,2025-11-01,44
3887,MCP219800J4,250049703,Montgomery_County_Police,Property Damage Crash,2025-11-05 15:53:00,County_Route,LISA DR,WOODSIDE PKWY,Rear-End (Same Direction),Road Obstruction,Clear,Dry,Daylight,Stop Sign,None Detected,9813C997-B1C2-492C-BA9F-334955139695,MD,3AC6CAAB-50E6-43AA-8489-679097DF4465,Twelve O Clock,PassengerCar,StoppedInTrafficLane,West,25.0,No,No,2019,CHEVROLET,39.14432833,-77.1415445,Silverado_Chevrolet,15,2025,11,5,15,Wednesday,2025-11-05,45
3888,MCP3436001R,250049050,Montgomery_County_Police,Property Damage Crash,2025-11-01 13:43:00,Government_Route,SLIGO CREEK PKWY,COLESVILLE RD COLESVILLE RD (SB/L) ST ANDREWS WAY,Rear-End (Same Direction),Congestion / Backup,Clear,Dry,Daylight,Traffic Signal,None Detected,911A0F29-A492-4C8B-99C9-3FBB2AFD1F66,MD,8E2333EB-64BE-41C2-A666-0BE728B8C212,Six O Clock,PassengerCar,StoppedInTrafficLane,East,35.0,No,No,2019,TOYOTA,39.00766843,-77.02013602,Tacoma_Toyota,13,2025,11,1,13,Saturday,2025-11-01,44
3890,MCP22700058,250049419,Montgomery_County_Police,Property Damage Crash,2025-11-04 08:10:00,Maryland_State_Route,RIVER RD (WB/L),NO NAME,Sideswipe (Same Direction),Lane Violation,Clear,Dry,Daylight,No Control,None Detected,8669CDB3-0176-4E71-869B-02F5C3280ABE,MD,6D5585D3-2ED4-46D1-879D-4B6292D02046,Seven O Clock,SchoolBus,SlowingOrStopping,Westbound,35.0,No,No,2024,TOYOTA,38.97279,-77.121737,Camry_Toyota,8,2025,11,4,8,Tuesday,2025-11-04,45
3893,MCP233900C3,250049512,Montgomery_County_Police,Property Damage Crash,2025-11-04 14:33:00,County_Route,E GUDE DR,PLYMOUTH ST,Rear-End (Same Direction),Tailgating,Clear,Dry,Daylight,Traffic Signal,None Detected,3CCF2CC8-1846-420D-A69A-E155464EC935,MD,5E2AC149-FD0C-446B-AB21-1C83AC04E663,Twelve O Clock,TransitBus,StoppedInTrafficLane,Eastbound,35.0,No,No,2016,HONDA,39.10027924,-77.14016358,Civic_Honda,14,2025,11,4,14,Tuesday,2025-11-04,45
3894,MCP32990058,250048170,Montgomery_County_Police,Property Damage Crash,2025-11-04 08:18:00,County_Route,CRISPIN WAY,PARKLAND DR,Sideswipe (Same Direction),Passing / Turning,Clear,Dry,Daylight,No Control,None Detected,C3E0586A-16C5-4021-92BF-C2725CAC4D23,MD,4B0FEA2F-2C4E-43E1-AE0A-24A6B007E52A,VehicleNotAtScene,PassengerCar,MovingConstantSpeed,Unknown,15.0,No,No,2013,FORD,39.07702065,-77.10232074,F-150_Ford,8,2025,11,4,8,Tuesday,2025-11-04,45
3895,MCP3271006K,250049557,Montgomery_County_Police,Property Damage Crash,2025-11-04 18:15:00,County_Route,COLUMBIA PIKE,16TH ST,Rear-End (Same Direction),Tailgating,Clear,Dry,Dark - Lighted,No Control,None Detected,9EA8B693-8B9C-45E9-B31D-6FC9B2685BB8,MD,687826B5-644C-4553-8D12-19BF911A8547,Twelve O Clock,PassengerCar,SlowingOrStopping,Northbound,30.0,No,No,2006,HONDA,38.98419134,-77.09856841,Accord_Honda,18,2025,11,4,18,Tuesday,2025-11-04,45
3898,MCP3436001R,250049050,Montgomery_County_Police,Property Damage Crash,2025-11-01 13:43:00,Government_Route,SLIGO CREEK PKWY,COLESVILLE RD COLESVILLE RD (SB/L) ST ANDREWS WAY,Rear-End (Same Direction),Congestion / Backup,Clear,Dry,Daylight,Traffic Signal,None Detected,AE6EF890-D6EF-47F9-9C43-0FC1D4C6AC11,VA,B9EA27C4-F1B1-4220-A97D-3D144D108E60,Twelve O Clock,PassengerCar,MovingConstantSpeed,West,35.0,No,No,2021,TOYOTA,39.00766843,-77.02013602,RAV4_Toyota,13,2025,11,1,13,Saturday,2025-11-01,44
3899,MCP21870032,250049427,Montgomery_County_Police,Property Damage Crash,2025-11-04 08:50:00,County_Route,SHADY GROVE RD,ROSEMONT DR,Sideswipe (Opposite Direction),Lane Violation,Clear,Dry,Daylight,Traffic Signal,None Detected,49FD8450-A047-4A6F-9686-12115A3B647C,VA,5A0BAE0D-D9B3-48AC-92C1-704E14DFD333,Nine O Clock,OtherTruck,MovingConstantSpeed,West,35.0,No,No,2025,BMW,39.11199083,-77.187142,M2_BMW,8,2025,11,4,8,Tuesday,2025-11-04,45
3900,EJ7908003D,250049422,Gaithersburg_Police_Department,Property Damage Crash,2025-11-04 09:10:00,Interstate_Route,IS 270 LOCAL LANES (NB),MATTHEWS DR,Single Vehicle,Lane Violation,Clear,Dry,Daylight,No Control,None Detected,F2C6A679-AE73-4A1D-A57E-666EF1C7DC5D,VA,75D6D65E-254C-49EB-A0C8-0E75255D8E04,One O Clock,PassengerCar,EnteringTrafficLane,Northbound,55.0,No,No,2025,TOYOTA,39.15080399,-77.21818995,Camry_Toyota,9,2025,11,4,9,Tuesday,2025-11-04,45
3902,MCP33420025,250049134,Montgomery_County_Police,Property Damage Crash,2025-11-02 03:48:00,Maryland_State_Route,NO NAME,EDMONSTON DR,Single Vehicle,Road Obstruction,Clear,Dry,Dark - Lighted,No Control,None Detected,F65D163D-5668-4485-A492-2ADC538A0448,MD,0F5D6219-FA95-4278-B2BB-00731D298BB8,Eleven O Clock,PassengerCar,MovingConstantSpeed,South,40.0,No,No,2019,JEEP,39.05169647,-77.07539014,Grand Cherokee_Jeep,3,2025,11,2,3,Sunday,2025-11-02,44
3903,MCP2195007Q,250049172,Montgomery_County_Police,Injury Crash,2025-11-02 13:07:00,County_Route,HONEY HILL LA,MOON RYDER ALY,Single Vehicle,Driver Inattention,Clear,Dry,Daylight,No Control,None Detected,3BF89B8B-4B27-4147-97BD-DCCB3F44902B,MD,CF5ACD38-D458-4E46-BDC0-BDFFADA84E9B,One O Clock,SportUtilityVehicle,MovingConstantSpeed,Westbound,25.0,No,No,2016,LEXUS,39.22381463,-77.24588989,RX_Lexus,13,2025,11,2,13,Sunday,2025-11-02,44
3905,HA2549000M,25002336,Takoma_Park_Police_Department,Property Damage Crash,2025-11-01 11:01:00,County_Route,VEIRS MILL RD,STRINGTOWN RD (AHEAD),Rear-End (Same Direction),Driver Inattention,Clear,Dry,Daylight,No Control,None Detected,AA83C876-DD19-41B5-A251-B28E329428D7,MD,42346C7C-993F-4BCA-9BE5-B8E3BB1E0FC3,VehicleNotAtScene,PassengerCar,SlowingOrStopping,Unknown,2.5,No,No,2012,CHEVROLET,39.05847058,-77.03814876,Silverado_Chevrolet,11,2025,11,1,11,Saturday,2025-11-01,44
3911,MCP2528002W,250049767,Montgomery_County_Police,Property Damage Crash,2025-11-05 19:39:00,County_Route,SCHUBERT DR,BROADWOOD DR,Rear-End (Same Direction),Backing Error,Clear,Dry,Dark - Lighted,No Control,None Detected,CB8EE9B6-39EF-4194-A0BE-13CCADEE4AD1,NC,9715F94A-927A-4166-A2AF-4C839228C72F,VehicleNotAtScene,PassengerCar,Backing,Eastbound,25.0,No,No,2006,HONDA,39.06999821,-76.94632966,Accord_Honda,19,2025,11,5,19,Wednesday,2025-11-05,45
3912,MCP3429001K,250049643,Montgomery_County_Police,Property Damage Crash,2025-11-05 11:35:00,Municipality_Route,FREDERICK RD,ENT TO SHOPPING CENTER,Angle Collision,Backing Error,Clear,Dry,Daylight,Traffic Signal,None Detected,0855F0AB-AA09-4DDB-8104-3B5587CC82CC,MD,2301B1EF-F781-4ED6-85B1-355368D775BE,VehicleNotAtScene,PassengerCar,Backing,Not On Roadway,2.5,No,No,2017,FORD,39.09025117,-77.04620464,F-150_Ford,11,2025,11,5,11,Wednesday,2025-11-05,45
3913,MCP3335003V,250049340,Montgomery_County_Police,Property Damage Crash,2025-11-03 15:50:00,Maryland_State_Route,NEW HAMPSHIRE AVE,FREDERICK RD,Sideswipe (Same Direction),Lane Violation,Clear,Dry,Daylight,Other Pavement Marking,None Detected,EB087728-A855-41EE-94E5-061509BFE7C1,MD,69F25A32-CB32-4094-ABE7-7027D5C672B5,Ten O Clock,PassengerCar,Accelerating,Northbound,35.0,No,No,2015,FORD,39.02082505,-76.9766963,Fusion_Ford,15,2025,11,3,15,Monday,2025-11-03,45
3920,MCP3262006D,250049066,Montgomery_County_Police,Injury Crash,2025-11-01 15:45:00,County_Route,OLD COLUMBIA PIKE,MUSGROVE RD MUSGROVE RD (WB/L),Other,Right-of-Way Violation,Clear,Dry,Daylight,No Control,None Detected,0636EF9D-4E33-4465-9BCF-55E63BE6B3F5,MD,455A004B-BFBA-4E2C-9325-E2BD3C966C09,Twelve O Clock,PassengerCar,Accelerating,Westbound,35.0,No,No,2023,HONDA,39.06836983,-76.96230267,Accord_Honda,15,2025,11,1,15,Saturday,2025-11-01,44
3929,MCP156300C2,250049629,Montgomery_County_Police,Property Damage Crash,2025-11-05 10:05:00,County_Route,COLUMBIA PIKE (SB/L),TEMPLETON PL,Rear-End (Same Direction),Road Obstruction,Clear,Dry,Daylight,No Control,None Detected,AE753865-4A1D-4E52-BE9E-D3379A03393A,MD,84ED5C6D-ED95-4F46-A857-3E2967E450CF,Twelve O Clock,PassengerCar,Parked,East,20.0,No,Yes,2024,VOLKSWAGEN,39.0433655,-77.11278656,Taos_Volkswagen,10,2025,11,5,10,Wednesday,2025-11-05,45
3930,MCP2195007P,250049164,Montgomery_County_Police,Injury Crash,2025-11-02 12:47:00,County_Route,CLARKSBURG RD,HYATTSTOWN MILL RD KINGSLEY RD,Rear-End (Same Direction),Driver Inattention,Clear,Dry,Daylight,Pedestrian Crossing,None Detected,B47687E6-AC1A-4CF2-A83D-C68E65053C28,MD,C948B789-3D79-4A13-B607-5FE4F1BB1EB4,Six O Clock,PassengerCar,SlowingOrStopping,Southbound,35.0,No,No,2024,HYUNDAI,39.26608959,-77.28069031,Santa Fe_Hyundai,12,2025,11,2,12,Sunday,2025-11-02,44
3935,MCP34450018,250049087,Montgomery_County_Police,Injury Crash,2025-11-01 18:30:00,Maryland_State_Route,NORBECK RD,SPRINGER RD,Angle Collision,Congestion / Backup,Clear,Dry,Dark - Lighted,No Control,None Detected,0C483B62-F238-4A1D-A18B-AE81FB1D6A5C,OR,30A56877-C2E0-47D3-87A4-9BA40ECE8C48,One O Clock,PassengerCar,MovingConstantSpeed,East,35.0,No,No,2024,FORD,38.9871055,-77.13225617,F-150_Ford,18,2025,11,1,18,Saturday,2025-11-01,44
3936,MCP120500DC,250049261,Montgomery_County_Police,Injury Crash,2025-11-03 06:43:00,Maryland_State_Route,RANDOLPH RD,CEDAR ST,Rear-End (Same Direction),Right-of-Way Violation,Cloudy,Dry,Dawn,No Control,None Detected,8BA1C34E-943E-417F-A2B0-4E7469E11B6A,MD,1EA1C439-B19C-477F-8C39-E790882BBD63,Six O Clock,PassengerCar,SlowingOrStopping,South,25.0,No,No,2024,FORD,39.0295268,-77.07451015,F-150_Ford,6,2025,11,3,6,Monday,2025-11-03,45
3937,MCP2052004F,250049242,Montgomery_County_Police,Property Damage Crash,2025-11-02 19:35:00,Local_Route,GREENCASTLE RIDGE DR,GEORGIA AVE,Rear vs Side,Driver Inattention,Clear,Dry,Dark - Lighted,No Control,Suspect Alcohol Only,F0C4EA7C-3A38-492E-BE40-59B91D99FA00,MD,C72F2F7D-6A57-45F8-80F8-8B51BC5D4649,Twelve O Clock,PassengerCar,MovingConstantSpeed,South,30.0,No,No,2018,TOYOTA,39.0767143,-76.93044261,Camry_Toyota,19,2025,11,2,19,Sunday,2025-11-02,44
3939,MCP3335003V,250049340,Montgomery_County_Police,Property Damage Crash,2025-11-03 15:50:00,Maryland_State_Route,NEW HAMPSHIRE AVE,CLOPPER RD CLOPPER RD (WB/L),Sideswipe (Same Direction),Lane Violation,Clear,Dry,Daylight,Other Pavement Marking,None Detected,8A800615-51E7-40E4-A8F0-A8EA7AA7DD40,MD,F0A7AFFA-2345-4C95-B6A1-09DC28BA54A5,Two O Clock,PassengerCar,MovingConstantSpeed,Northbound,35.0,No,No,2004,HONDA,39.02082505,-76.9766963,Pilot_Honda,15,2025,11,3,15,Monday,2025-11-03,45
3940,MCP34450019,250049121,Montgomery_County_Police,Injury Crash,2025-11-02 01:45:00,County_Route,BEECH TREE RD,NEVIS RD,Single Vehicle,Lane Violation,Clear,Dry,Dark - Lighted,Traffic Signal,None Detected,DF747C74-7F2B-4921-A548-2AD5BE152D34,MD,EEBAE4AB-945F-4508-BC51-D1E2E1667374,Twelve O Clock,PassengerCar,MovingConstantSpeed,West,35.0,No,No,1999,BUICK,38.98610033,-77.143235,Encore_Buick,1,2025,11,2,1,Sunday,2025-11-02,44
3941,MCP120500DC,250049261,Montgomery_County_Police,Injury Crash,2025-11-03 06:43:00,Maryland_State_Route,RIDGE RD,BEECH TREE RD,Rear-End (Same Direction),Tailgating,Cloudy,Dry,Dawn,No Control,None Detected,9EAB1682-42C8-43FA-8FC1-A6DF7FCA49B3,MD,2FE4B9FD-08AF-4E9E-9336-C318EA45706F,Twelve O Clock,PassengerCar,SlowingOrStopping,Southbound,25.0,No,No,2021,TOYOTA,39.0295268,-77.07451015,Corolla_Toyota,6,2025,11,3,6,Monday,2025-11-03,45
3945,MCP3044008S,250049077,Montgomery_County_Police,Injury Crash,2025-11-01 16:00:00,County_Route,JACKSON RD,OAKVIEW DR,Rear-End (Same Direction),Road Obstruction,Clear,Dry,Daylight,No Control,None Detected,07A56A11-FBBE-4AD7-8D24-10CF3C23B97E,MD,74CD3815-B6EF-4CF2-B658-22910651F360,VehicleNotAtScene,PassengerCar,Parked,South,25.0,No,Yes,2017,HONDA,39.05543367,-76.986057,Civic_Honda,16,2025,11,1,16,Saturday,2025-11-01,44
3946,EJ7914000W,250049125,Gaithersburg_Police_Department,Injury Crash,2025-11-02 02:03:00,Municipality_Route,W DEER PARK RD (WB/L),GEORGIA AVE,Rear-End (Same Direction),Driver Inattention,Clear,Dry,Dark - Lighted,No Control,Suspect Alcohol Only,1057ACBE-A419-4C0A-AAD7-F91430BDD455,MD,FE45D7EA-4245-4328-A937-1FF81C1B2CF8,Twelve O Clock,PassengerCar,MovingConstantSpeed,Westbound,25.0,No,No,2017,TOYOTA,39.12847989,-77.19355738,Corolla_Toyota,2,2025,11,2,2,Sunday,2025-11-02,44
3949,MCP156300C2,250049629,Montgomery_County_Police,Property Damage Crash,2025-11-05 10:05:00,County_Route,BRADLEY BLVD,CHESTNUT ST,Rear-End (Same Direction),Backing Error,Clear,Dry,Daylight,No Control,None Detected,7291546F-F73D-472C-AA81-A5D2DE0198A4,MD,9DFA25B9-CF46-4022-AA54-0639E8A60C36,Six O Clock,PassengerCar,Backing,Eastbound,20.0,No,No,2016,HONDA,39.0433655,-77.11278656,Civic_Honda,10,2025,11,5,10,Wednesday,2025-11-05,45
3952,MCP34450018,250049087,Montgomery_County_Police,Injury Crash,2025-11-01 18:30:00,Maryland_State_Route,VEIRS MILL RD (WB/L),SPRINGER RD,Angle Collision,Right-of-Way Violation,Clear,Dry,Dark - Lighted,Stop Sign,None Detected,E1E2461F-4795-48E2-8757-F08F2E3FF8F8,MD,FB31FF59-B5D8-404E-AEE0-517E0F2427FC,Ten O Clock,PassengerCar,Accelerating,West,25.0,No,No,2022,HONDA,38.9871055,-77.13225617,Civic_Honda,18,2025,11,1,18,Saturday,2025-11-01,44
3957,MCP3080005W,250049371,Montgomery_County_Police,Injury Crash,2025-11-03 18:55:00,Maryland_State_Route,GERMANTOWN RD (SB/L),QUEEN MARY DR,Rear-End (Same Direction),Congestion / Backup,Clear,Dry,Dark - Lighted,Traffic Signal,None Detected,90389D39-A7F2-4630-BD06-71975216A626,MD,8AAED063-C1E7-4AE5-BB52-5B98DDBF6B5E,Six O Clock,PassengerCar,SlowingOrStopping,Northbound,40.0,No,No,2006,TOYOTA,39.1630825,-77.28298087,Sienna_Toyota,18,2025,11,3,18,Monday,2025-11-03,45
3959,MCP296200BP,250049045,Montgomery_County_Police,Injury Crash,2025-11-01 13:26:00,County_Route,MIDDLEBROOK RD (WB/L),RANDOLPH RD,Rear-End (Same Direction),Tailgating,Clear,Dry,Daylight,No Control,None Detected,3707F9EB-3940-45BD-9090-D6F81C210DF3,MD,64C865B8-5CC6-46D4-AB86-EEBE3CD17D0B,Twelve O Clock,PassengerCar,SlowingOrStopping,Westbound,35.0,No,No,2011,TOYOTA,39.17520433,-77.25852783,Corolla_Toyota,13,2025,11,1,13,Saturday,2025-11-01,44
3960,MCP3061002Y,250049120,Montgomery_County_Police,Property Damage Crash,2025-11-02 01:50:00,County_Route,OBSERVATION DR (SB/L),ST MARGARETS WAY,Single Vehicle,Lane Violation,Clear,Dry,Dark - Lighted,No Control,Suspect Alcohol Only,57754D1D-904E-4875-8FF0-EA44064A2B5A,VA,F2B8C8F9-4DB9-4281-84CA-295E4478AD96,Twelve O Clock,SportUtilityVehicle,MovingConstantSpeed,Eastbound,35.0,No,No,2010,FORD,39.2030992,-77.2549171,Edge_Ford,1,2025,11,2,1,Sunday,2025-11-02,44
3961,MCP3230007Q,250049098,Montgomery_County_Police,Property Damage Crash,2025-11-01 20:06:00,County_Route,PEBBLESTONE DR,BONIFANT RD,Head-On,Road Obstruction,Clear,Dry,Dark - Lighted,Traffic Signal,None Detected,ABCB9151-2429-4D21-951F-47E50F298BF6,MD,94341A42-D793-49B9-A099-DFC713AA93C1,Twelve O Clock,PassengerCar,MovingConstantSpeed,West,35.0,No,No,2013,HONDA,39.09417679,-77.02305204,Accord_Honda,20,2025,11,1,20,Saturday,2025-11-01,44
3962,EJ78870066,250049444,Gaithersburg_Police_Department,Injury Crash,2025-11-04 10:20:00,County_Route,SPENCERVILLE RD,SOUTHWEST DR,Single Vehicle,Driver Inattention,Clear,Dry,Daylight,No Control,None Detected,FEA313E0-4DA9-44D4-889A-AE620CADA094,MD,B524406B-13A2-4BA2-A9FD-1A98F5EF475E,Twelve O Clock,SportUtilityVehicle,MovingConstantSpeed,Eastbound,2.5,No,No,2023,HYUNDAI,39.11697835,-77.20582193,Santa Fe_Hyundai,10,2025,11,4,10,Tuesday,2025-11-04,45
3963,MCP32990057,250049405,Montgomery_County_Police,Property Damage Crash,2025-11-04 06:00:00,County_Route,HEATHFIELD RD,CRABBS BRANCH WAY,Rear-End (Same Direction),Lane Violation,Clear,Dry,Daylight,No Control,None Detected,EB6EDC44-75CB-44C4-86B1-B5BF57E1604E,MD,3664431A-587A-4007-A7BD-FE0128EBCFFC,Six O Clock,PassengerCar,Parked,Eastbound,25.0,No,Yes,2012,FORD,39.08713683,-77.081425,F-150_Ford,6,2025,11,4,6,Tuesday,2025-11-04,45
3972,MCP2516006D,250048994,Montgomery_County_Police,Property Damage Crash,2025-11-01 01:46:00,County_Route,SUNDOWN RD,OLD GEORGETOWN RD,Single Vehicle,Lane Violation,Clear,Dry,Dark - Not Lighted,No Control,None Detected,E40F0F5B-4A7B-4B5F-8C6D-42C5CE222C69,MD,40F769DB-01F5-4599-8F6B-EA03DE1CE6DC,Twelve O Clock,PassengerCar,MovingConstantSpeed,Westbound,45.0,No,No,2018,JEEP,39.219576,-77.09513333,Cherokee_Jeep,1,2025,11,1,1,Saturday,2025-11-01,44
3973,MCP3009009B,250049162,Montgomery_County_Police,Property Damage Crash,2025-11-02 12:23:00,County_Route,COLESVILLE RD,OLD GEORGETOWN RD (SB/L),Sideswipe (Opposite Direction),Passing / Turning,Clear,Dry,Daylight,Traffic Signal,None Detected,BDB2D76E-B301-42F8-90C3-4D46238FFAC2,MD,D2A1FBED-3A00-4F8B-9528-6266E757C6BB,Eleven O Clock,SportUtilityVehicle,Parked,South,2.5,No,Yes,2024,TOYOTA,39.20132697,-77.24667111,Camry_Toyota,12,2025,11,2,12,Sunday,2025-11-02,44
3974,MCP2351006K,250049176,Montgomery_County_Police,Property Damage Crash,2025-11-02 13:55:00,Maryland_State_Route,CENTERWAY CT,FOREST GLEN RD,Single Vehicle,Driver Inattention,Clear,Dry,Daylight,No Control,None Detected,815C18C3-7EF4-4C17-ADA3-99761DE71E59,MD,74C8263E-64F7-4BFE-A0E4-C7A90688C5D4,Six O Clock,Other,NegotiatingCurve,Not On Roadway,2.5,No,No,2003,HONDA,39.05492176,-77.12280157,Civic_Honda,13,2025,11,2,13,Sunday,2025-11-02,44
3977,MCP30090099,250049056,Montgomery_County_Police,Property Damage Crash,2025-11-01 14:30:00,Maryland_State_Route,FREDERICK RD,ALLEY #4,Sideswipe (Same Direction),Lane Violation,Clear,Dry,Daylight,Traffic Signal,None Detected,D882C627-4A55-4A8C-ADF5-91642EBEA92F,MD,E6C82CD6-8851-424E-9CC3-C931E237C8D5,One O Clock,PickupTruck,ChangingLanes,Northbound,40.0,No,No,2021,NISSAN,39.19819836,-77.24478191,Frontier_Nissan,14,2025,11,1,14,Saturday,2025-11-01,44
3979,MCP21870032,250049427,Montgomery_County_Police,Property Damage Crash,2025-11-04 08:50:00,County_Route,SHADY GROVE RD,QUINCE ORCHARD RD,Sideswipe (Opposite Direction),Road Obstruction,Clear,Dry,Daylight,Traffic Signal,None Detected,6188D0F6-2DC8-484C-B155-098DA8D49DF8,MD,86668B83-EDC6-4C35-B724-619D96FEEA90,Twelve O Clock,PassengerCar,MovingConstantSpeed,South,35.0,No,No,2009,TOYOTA,39.11199083,-77.187142,Corolla_Toyota,8,2025,11,4,8,Tuesday,2025-11-04,45
3980,EJ79060035,250049578,Gaithersburg_Police_Department,Property Damage Crash,2025-11-04 20:57:00,Maryland_State_Route,GREAT SENECA HWY,AVERY RD,Single Vehicle,Driver Inattention,Clear,Dry,Dark - Lighted,No Control,None Detected,84C1ADD9-FA7B-4AF2-A04B-A57EC38D82B1,MD,266E0423-5DD8-4118-ACA6-D3381D7CE1D6,Twelve O Clock,PassengerCar,MovingConstantSpeed,Westbound,50.0,No,No,2022,TOYOTA,39.12168997,-77.22700097,Camry_Toyota,20,2025,11,4,20,Tuesday,2025-11-04,45
3981,DM85030028,250049433,Takoma_Park_Police_Department,Property Damage Crash,2025-11-04 09:23:00,Municipality_Route,ALLEGHENY AVE,MIDCOUNTY HWY,Rear vs Side,Driver Inattention,Clear,Dry,Daylight,No Control,None Detected,20DEE64F-469C-4D27-8AB1-2B7D65608FB7,DC,B97668E6-B4B0-44E4-9E67-9612D10F166C,NonCollision,OtherTruck,SlowingOrStopping,Southbound,10.0,No,No,2025,TOYOTA,38.97211026,-77.00710066,Camry_Toyota,9,2025,11,4,9,Tuesday,2025-11-04,45
3988,MCP3271006K,250049557,Montgomery_County_Police,Property Damage Crash,2025-11-04 18:15:00,County_Route,WISTERIA DR,SHAKESPEARE BLVD,Rear-End (Same Direction),Tailgating,Clear,Dry,Dark - Lighted,No Control,None Detected,4B689604-96FE-40A9-8E02-137C28722BDA,MD,A365A035-EAD6-456D-A4E3-4EB6028E7E0C,Six O Clock,SportUtilityVehicle,SlowingOrStopping,Northbound,30.0,No,No,2017,SUBARU,38.98419134,-77.09856841,Forester_Subaru,18,2025,11,4,18,Tuesday,2025-11-04,45
3992,MCP3407001W,250049379,Montgomery_County_Police,Injury Crash,2025-11-03 19:42:00,County_Route,MIDDLEBROOK RD,WAYNE AVE,Angle Collision,Right-of-Way Violation,Clear,Dry,Dark - Lighted,Stop Sign,None Detected,F267DEBA-9A23-429B-9A07-D7E565206523,NJ,DD54F63B-A064-475D-BC2E-6BB17CE5CE70,Eight O Clock,PassengerCar,MakingLeftTurn,Northbound,15.0,No,No,2018,AUDI,39.17941,-77.24030833,A4_Audi,19,2025,11,3,19,Monday,2025-11-03,45
3993,MCP33200046,250049573,Montgomery_County_Police,Property Damage Crash,2025-11-04 20:30:00,Maryland_State_Route,MIDDLEBROOK RD,ASTRODOME DR,Other,Backing Error,Clear,Dry,Dark - Lighted,Stop Sign,None Detected,A4618196-F751-41A7-A403-1D483E1A7D33,MD,436916E0-8DF3-4201-A790-8E19CE901F1F,Six O Clock,Other,Backing,Not On Roadway,2.5,No,No,2023,BMW,39.01451753,-77.03428764,M2_BMW,20,2025,11,4,20,Tuesday,2025-11-04,45
3995,MCP3263005F,250049140,Montgomery_County_Police,Property Damage Crash,2025-11-02 07:30:00,Maryland_State_Route,CONNECTICUT AVE,MT EVEREST LA,Single Vehicle,Lane Violation,Clear,Dry,Daylight,No Control,Suspect Alcohol Only,7E3FC9B6-B749-4568-9E03-2CBB62F680E0,MD,512EDE3B-97E0-435D-8AF1-B062CE9BD036,Twelve O Clock,PassengerCar,MovingConstantSpeed,Northbound,35.0,No,No,2010,HONDA,39.0303145,-77.07547467,Civic_Honda,7,2025,11,2,7,Sunday,2025-11-02,44
3999,MCP301000C9,250049440,Montgomery_County_Police,Injury Crash,2025-11-04 10:09:00,Maryland_State_Route,ROCKVILLE PIKE,OLD GEORGETOWN RD (SB/L),Sideswipe (Same Direction),Right-of-Way Violation,Clear,Dry,Daylight,Traffic Signal,None Detected,8D4041ED-A53B-4A49-BF2A-C3B6FFF0BA20,MD,30F6E18F-029D-438C-B6BD-C1FD99B18B65,Two O Clock,StationWagon,MakingLeftTurn,North,30.0,No,No,2022,HONDA,39.04953278,-77.11422449,Odyssey_Honda,10,2025,11,4,10,Tuesday,2025-11-04,45
4001,MCP34300012,250049021,Montgomery_County_Police,Property Damage Crash,2025-11-01 10:00:00,County_Route,MANSFIELD RD,DALE DR,Rear-End (Same Direction),Tailgating,Clear,Dry,Daylight,Pedestrian Crossing,None Detected,03C1002F-7204-455F-B8FB-8E0A9AB707BE,MD,47732E08-06FC-4C57-9C09-78049478729F,Six O Clock,PassengerCar,SlowingOrStopping,Westbound,20.0,No,No,2025,SUBARU,38.99644817,-77.0158185,Forester_Subaru,10,2025,11,1,10,Saturday,2025-11-01,44
4004,MCP233900C3,250049512,Montgomery_County_Police,Property Damage Crash,2025-11-04 14:33:00,County_Route,E GUDE DR,ROCKVILLE PIKE,Rear-End (Same Direction),Surface Condition,Clear,Dry,Daylight,Traffic Signal,None Detected,E6B97E6A-D30D-4191-9563-F477133F4BBC,MD,A626F5A8-B34B-4E95-A407-3CFAC754982C,Six O Clock,OtherTruck,StoppedInTrafficLane,Eastbound,35.0,No,No,2005,CHEVROLET,39.10027924,-77.14016358,Silverado_Chevrolet,14,2025,11,4,14,Tuesday,2025-11-04,45
4005,DD5671001J,250049244,Rockville_Police_Department,Property Damage Crash,2025-11-02 21:10:00,Municipality_Route,TWINBROOK PKWY,SHERWOOD FOREST DR,Angle Collision,Driver Inattention,Clear,Dry,Dark - Lighted,No Control,Suspect Alcohol (Unclear),2C3BAC1C-0A01-446A-A165-67E5F700A946,MD,3D64568C-457F-4991-84F4-DF0CE04C653D,One O Clock,PickupTruck,MovingConstantSpeed,Southbound,25.0,No,No,2018,KIA,39.076555,-77.111539,Optima_Kia,21,2025,11,2,21,Sunday,2025-11-02,44
4013,MCP3271006H,250049198,Montgomery_County_Police,Injury Crash,2025-11-02 16:24:00,County_Route,TILDENWOOD DR,MONTROSE RD,Single Vehicle,Right-of-Way Violation,Clear,Dry,Dusk,Traffic Signal,None Detected,3B5BA4BF-C4A3-451D-A735-B7C40714D53A,NJ,90AC5092-B4E4-47F2-8E36-56FC54D74F81,Twelve O Clock,StationWagon,MakingRightTurn,Southbound,35.0,No,No,2019,MAZDA,39.0538787,-77.13809868,CX-3_Mazda,16,2025,11,2,16,Sunday,2025-11-02,44
4016,MCP33120070,250049450,Montgomery_County_Police,Property Damage Crash,2025-11-04 10:45:00,Maryland_State_Route,BEALL AVE #2,SEABROOK DR,Back-to-Back,Backing Error,Clear,Wet,Daylight,Traffic Signal,None Detected,D33A7C7B-F972-4032-BC6A-3B8D6CDF5EB1,MD,D227F814-3E50-4924-8CA3-F0E241A27463,Five O Clock,PassengerCar,Backing,Not On Roadway,2.5,No,No,2013,HONDA,39.09845998,-76.93483199,Civic_Honda,10,2025,11,4,10,Tuesday,2025-11-04,45
4017,MCP301000C9,250049440,Montgomery_County_Police,Injury Crash,2025-11-04 10:09:00,Maryland_State_Route,ROCKVILLE PIKE,OLD GEORGETOWN RD (SB/L),Sideswipe (Same Direction),Right-of-Way Violation,Clear,Dry,Daylight,Traffic Signal,None Detected,90AB1E12-2974-4639-ABFB-8737B4566166,MD,5569C381-F1FE-48C7-959A-06E5D873AB94,Ten O Clock,PassengerCar,MakingLeftTurn,West,30.0,No,No,2016,VOLVO,39.04953278,-77.11422449,S60_Volvo,10,2025,11,4,10,Tuesday,2025-11-04,45
4022,MCP2687004T,250049265,Montgomery_County_Police,Property Damage Crash,2025-11-03 07:48:00,County_Route,FAIRMONT AVE,OLD GEORGETOWN RD,Rear vs Side,Right-of-Way Violation,Clear,Dry,Daylight,No Control,None Detected,06CC1970-7D44-4F61-BC22-43732AD176F1,MD,03755082-52DE-49D7-882D-4660AEA7ED65,Three O Clock,PassengerCar,MakingLeftTurn,Southbound,25.0,No,No,2023,HONDA,38.98705401,-77.09800514,Civic_Honda,7,2025,11,3,7,Monday,2025-11-03,45
4023,MCP21870032,250049427,Montgomery_County_Police,Property Damage Crash,2025-11-04 08:50:00,County_Route,SHADY GROVE RD,MILESTONE DR,Sideswipe (Opposite Direction),Road Obstruction,Clear,Dry,Daylight,Traffic Signal,None Detected,D4EEB3A6-DC35-46E6-AC52-6735CFC0207B,MD,0447355B-5C1A-4CB9-A005-E0ED5599DCD5,Six O Clock,PassengerCar,MovingConstantSpeed,North,35.0,No,No,2022,TOYOTA,39.11199083,-77.187142,Camry_Toyota,8,2025,11,4,8,Tuesday,2025-11-04,45
4027,MCP3407001W,250049379,Montgomery_County_Police,Injury Crash,2025-11-03 19:42:00,County_Route,MIDDLEBROOK RD,ATHERTON DR,Angle Collision,Driver Inattention,Clear,Dry,Dark - Lighted,No Control,None Detected,199F0659-6FE8-4E4C-8260-D92F460AFED8,MD,F8AE0A21-713B-4924-AD3A-F030C92BFD74,Twelve O Clock,PassengerCar,MovingConstantSpeed,Eastbound,40.0,No,No,2006,TOYOTA,39.17941,-77.24030833,Camry_Toyota,19,2025,11,3,19,Monday,2025-11-03,45
4028,MCP3407001T,250049092,Montgomery_County_Police,Injury Crash,2025-11-01 19:17:00,County_Route,SHAKESPEARE BLVD (WB/L),FREDERICK RD,Angle Collision,Right-of-Way Violation,Clear,Dry,Dark - Lighted,Stop Sign,None Detected,DE5EC209-E812-49CC-86CC-69C308582EC8,MD,BF761864-B27A-42DF-9611-FADCAB0E5CE2,One O Clock,PassengerCar,MovingConstantSpeed,Northbound,15.0,No,No,2016,HONDA,39.19742128,-77.24996654,Odyssey_Honda,19,2025,11,1,19,Saturday,2025-11-01,44
4030,DD556700BK,250049634,Rockville_Police_Department,Property Damage Crash,2025-11-05 10:59:00,Maryland_State_Route,ROCKVILLE PIKE,W WATKINS MILL RD,Rear-End (Same Direction),Tailgating,Clear,Dry,Daylight,No Control,None Detected,AE85F443-F915-4653-B71D-64248436A66E,MD,848367A7-41C8-403F-BD6A-B4BA369655C4,One O Clock,PassengerCar,ChangingLanes,Northbound,35.0,No,No,2017,KIA,39.06194766,-77.12396211,Optima_Kia,10,2025,11,5,10,Wednesday,2025-11-05,45
4036,MCP2195007P,250049164,Montgomery_County_Police,Injury Crash,2025-11-02 12:47:00,County_Route,CLARKSBURG RD,HYATTSTOWN MILL RD KINGSLEY RD,Rear-End (Same Direction),Tailgating,Clear,Dry,Daylight,Pedestrian Crossing,None Detected,EB04B3DF-1513-4B46-A690-82E40897F10C,MD,0F49F914-9122-4D96-B0DC-FB82EDC57832,Twelve O Clock,PickupTruck,MovingConstantSpeed,Southbound,35.0,No,No,1998,GMC,39.26608959,-77.28069031,Sierra_GMC,12,2025,11,2,12,Sunday,2025-11-02,44
4040,MCP2622005B,250049019,Montgomery_County_Police,Injury Crash,2025-11-01 09:46:00,County_Route,OLD COLUMBIA PIKE,FAIRLAND RD,Rear vs Side,Traffic Control Violation,Clear,Dry,Daylight,Traffic Signal,None Detected,0EF37D43-5688-4A5B-905E-D625A922124D,MD,9AFE5467-BD99-46E6-BE73-B755B2B7F6A8,Three O Clock,SportUtilityVehicle,MovingConstantSpeed,Southbound,25.0,No,No,2023,TOYOTA,39.07600598,-76.95778581,RAV4_Toyota,9,2025,11,1,9,Saturday,2025-11-01,44
4047,HA25290002,25002342,Takoma_Park_Police_Department,Property Damage Crash,2025-11-02 11:30:00,Maryland_State_Route,NEW HAMPSHIRE AVE (SB/L),ADELPHI RD,Single Vehicle,Passing / Turning,Clear,Dry,Daylight,Traffic Signal,None Detected,D4138F3C-F2D3-4ED5-A18F-0F307013C501,MD,BC716C48-AC86-4920-AE89-C94B3870BEAE,Eight O Clock,PickupTruck,MakingRightTurn,Westbound,2.5,No,No,2019,CHEVROLET,39.25431633,-77.28631636,Silverado_Chevrolet,11,2025,11,2,11,Sunday,2025-11-02,44
4048,MCP20590090,250049279,Montgomery_County_Police,Property Damage Crash,2025-11-03 09:52:00,Maryland_State_Route,ROCKVILLE PIKE (SB/L),RAMP 6 FR IS 495 EB TO MD 355 SB,Sideswipe (Same Direction),Lane Violation,Cloudy,Dry,Daylight,No Control,None Detected,D930BD88-0671-43EF-B5DC-99D872A2C3A5,MD,3D4A1250-1F0C-4F03-9FDA-848E693129E0,One O Clock,SingleUnitTruck,ChangingLanes,Southbound,35.0,No,No,2021,FORD,39.01623339,-77.10098298,F-150_Ford,9,2025,11,3,9,Monday,2025-11-03,45
4049,MCP2637006D,250049305,Montgomery_County_Police,Property Damage Crash,2025-11-03 12:41:00,County_Route,DAMASCUS RD,TRAVILAH RD,Rear-End (Same Direction),Road Obstruction,Clear,Dry,Daylight,Traffic Signal,None Detected,93E7CC70-4BBA-4D58-9DFF-4B82A0542828,MD,7AA68636-BE03-4EC0-B2E3-6047D7198E6B,Six O Clock,PassengerCar,StoppedInTrafficLane,East,35.0,No,No,2009,HONDA,39.09701341,-77.20723657,Civic_Honda,12,2025,11,3,12,Monday,2025-11-03,45
4050,MCP2528002T,250049687,Montgomery_County_Police,Property Damage Crash,2025-11-05 14:35:00,County_Route,HUCKBURN CT,GERMANTOWN RD,Single Vehicle,Passing / Turning,Clear,Dry,Daylight,Stop Sign,None Detected,7B1713B0-8B54-421A-B772-7A902B90DF42,MD,A0FC178F-54D9-4F38-B0A9-0DB5C5B39F07,Twelve O Clock,PassengerCar,MakingRightTurn,Eastbound,25.0,No,No,2012,LEXUS,39.10710366,-76.91017415,ES_Lexus,14,2025,11,5,14,Wednesday,2025-11-05,45
4054,MCP33720046,250049188,Montgomery_County_Police,Property Damage Crash,2025-11-02 14:01:00,County_Route,CONNECTICUT AVE (SB/L),CHEVY CHASE DR,Sideswipe (Opposite Direction),Lane Violation,Clear,Dry,Daylight,No Control,None Detected,5D809834-0A3C-43F5-AD61-0591C17C22F7,DC,70B05291-87EB-4E7D-B552-4A82D832FB48,Ten O Clock,TransitBus,MovingConstantSpeed,Westbound,35.0,No,No,2025,KIA,39.08415152,-77.07692085,Optima_Kia,14,2025,11,2,14,Sunday,2025-11-02,44
4058,MCP33120070,250049450,Montgomery_County_Police,Property Damage Crash,2025-11-04 10:45:00,Municipality_Route,FOREST GLEN RD,GEORGIA AVE,Back-to-Back,Backing Error,Clear,Dry,Daylight,Traffic Signal,None Detected,56A19ABC-4FB5-40B2-A888-37F8D5C5BA41,MD,34794EB4-3E5C-47DE-A50E-895745D04066,Seven O Clock,PassengerCar,Backing,Not On Roadway,2.5,No,No,2015,FORD,39.09845998,-76.93483199,F-250_Ford,10,2025,11,4,10,Tuesday,2025-11-04,45
4063,MCP3262006D,250049066,Montgomery_County_Police,Injury Crash,2025-11-01 15:45:00,County_Route,OLD COLUMBIA PIKE,MUSGROVE RD MUSGROVE RD (WB/L),Other,Lane Violation,Clear,Dry,Daylight,No Control,None Detected,5D669387-A645-4CAC-B69A-17AD4544568A,MD,6EC4E3A8-AD23-426B-9008-E1856E2B6305,Eight O Clock,PassengerCar,MovingConstantSpeed,Southbound,35.0,No,No,2023,JEEP,39.06836983,-76.96230267,Grand Cherokee_Jeep,15,2025,11,1,15,Saturday,2025-11-01,44
4065,DD556700BF,250049530,Rockville_Police_Department,Property Damage Crash,2025-11-04 16:12:00,Maryland_State_Route,E JEFFERSON ST,TUCKERMAN LA,Sideswipe (Same Direction),Congestion / Backup,Clear,Dry,Daylight,Traffic Signal,None Detected,FC526AB2-176C-4D45-820E-AA0BB6665601,MD,90605861-2034-4A5F-A4D8-FD9ABD965823,Ten O Clock,PickupTruck,StoppedInTrafficLane,Eastbound,30.0,No,No,2019,FORD,39.08193791,-77.14928502,F-350_Ford,16,2025,11,4,16,Tuesday,2025-11-04,45
4069,MCP2717010Y,250049129,Montgomery_County_Police,Injury Crash,2025-11-02 03:45:00,Maryland_State_Route,MONTGOMERY AVE,E RANDOLPH RD,Single Vehicle,Driver Inattention,Clear,Dry,Dark - Lighted,Traffic Signal,None Detected,8648B841-BA60-487F-B215-F22E6F4F1CF3,MD,0867C572-9458-4A50-9EE4-E780C73F941A,Twelve O Clock,SportUtilityVehicle,MovingConstantSpeed,Eastbound,25.0,No,No,2025,VOLKSWAGEN,38.98366669,-77.09372257,Atlas Cross Sport_Volkswagen,3,2025,11,2,3,Sunday,2025-11-02,44
4071,MCP3379002H,250049131,Montgomery_County_Police,Property Damage Crash,2025-11-02 04:33:00,County_Route,DAWSON FARM RD,SPRING ST,Single Vehicle,Lane Violation,Clear,Dry,Dark - Lighted,No Control,None Detected,E36A020D-398C-44EA-9550-570A066DDA9A,MD,2A88262E-E900-4D93-86C6-4E3651C6AA43,One O Clock,PassengerCar,MovingConstantSpeed,Eastbound,30.0,No,No,2018,TOYOTA,39.16773693,-77.27154339,Corolla_Toyota,4,2025,11,2,4,Sunday,2025-11-02,44
4072,MCP28140055,250049428,Montgomery_County_Police,Injury Crash,2025-11-04 08:51:00,County_Route,DARNESTOWN RD,KEY WEST AVE,Rear-End (Same Direction),Road Obstruction,Clear,Dry,Daylight,Traffic Signal,None Detected,F87D18B2-98DA-42F4-8651-8B0D0E50D40D,MD,BF6C413E-B885-4248-AFC7-98B1A0DE0001,Twelve O Clock,SportUtilityVehicle,MovingConstantSpeed,East,35.0,No,No,2025,HONDA,39.10053602,-77.21342483,CR-V_Honda,8,2025,11,4,8,Tuesday,2025-11-04,45
4073,MCP2760007T,250049382,Montgomery_County_Police,Property Damage Crash,2025-11-03 20:13:00,County_Route,LOST KNIFE RD (NB/L),CONTOUR RD,Angle Collision,Right-of-Way Violation,Clear,Dry,Dark - Lighted,Traffic Signal,None Detected,A44A4612-522A-4C69-B13E-07AAB1FC8802,MD,4CC9C6CF-9F36-441B-902B-33929029436A,Four O Clock,SportUtilityVehicle,MakingLeftTurn,South,35.0,No,No,2019,FORD,39.154986,-77.2008215,Escape_Ford,20,2025,11,3,20,Monday,2025-11-03,45
4074,MCP32990058,250048170,Montgomery_County_Police,Property Damage Crash,2025-11-04 08:18:00,County_Route,CRISPIN WAY,GRANT AVE,Sideswipe (Same Direction),Weather Related,Clear,Dry,Daylight,No Control,None Detected,8D755E9A-7232-4C87-B107-70B8606E1AC6,MD,34761642-DC53-4603-B11E-110BB1721BC1,Eight O Clock,PassengerCar,Parked,East,15.0,No,Yes,2001,FORD,39.07702065,-77.10232074,E-Series_Ford,8,2025,11,4,8,Tuesday,2025-11-04,45
4082,MCP2195007P,250049164,Montgomery_County_Police,Injury Crash,2025-11-02 12:47:00,County_Route,CLARKSBURG RD,HYATTSTOWN MILL RD KINGSLEY RD,Rear-End (Same Direction),Tailgating,Clear,Dry,Daylight,Pedestrian Crossing,None Detected,1FD1A1B2-2F77-4ADA-901D-9A11C77AD59B,MD,7D77A855-A0B6-4190-A44C-715C375FB07F,Six O Clock,PassengerCar,SlowingOrStopping,Southbound,35.0,No,No,2024,TESLA,39.26608959,-77.28069031,Model Y_Tesla,12,2025,11,2,12,Sunday,2025-11-02,44
4083,MCP24870047,250049411,Montgomery_County_Police,Property Damage Crash,2025-11-04 07:15:00,County_Route,RIDGE DR,SUNSET DR,Other,Right-of-Way Violation,Clear,Dry,Daylight,No Control,None Detected,78D51D45-2D41-4BCD-91EC-F3079C615D67,MD,AB5EB3FE-2C13-4C11-9BBD-4112A96E879E,Six O Clock,PassengerCar,MovingConstantSpeed,Eastbound,25.0,No,No,2020,KIA,39.0733535,-77.20182467,Optima_Kia,7,2025,11,4,7,Tuesday,2025-11-04,45
4084,MCP2466006G,250049226,Montgomery_County_Police,Property Damage Crash,2025-11-02 19:12:00,Municipality_Route,ALDERWOOD DR (SB/L),DARNESTOWN RD (WB/L),Angle Collision,Right-of-Way Violation,Clear,Dry,Dark - Lighted,Stop Sign,None Detected,53C5881B-D2B0-4C0B-B06E-A23466735391,MD,1221049E-D5A9-48D0-B995-06A75C3879E2,Twelve O Clock,PassengerCar,MakingLeftTurn,North,25.0,No,No,2007,VOLVO,39.10647704,-77.23344636,S60_Volvo,19,2025,11,2,19,Sunday,2025-11-02,44
4085,MCP9301005Y,250049640,Montgomery_County_Police,Injury Crash,2025-11-05 11:00:00,Ramp_Route,RAMP 5 FR IS 270 SB TO IS 370 EB,GERMANTOWN RD,Sideswipe (Same Direction),Passing / Turning,Clear,Dry,Daylight,No Control,None Detected,7833AA29-A613-4C1C-9E7F-382AE1E80158,MD,CB07E842-1D39-458F-A15E-9CA40B68F95A,Three O Clock,Van - Passenger (&lt;9 Seats),MovingConstantSpeed,Eastbound,30.0,No,No,2021,CHEVROLET,39.12217435,-77.19352841,Silverado_Chevrolet,11,2025,11,5,11,Wednesday,2025-11-05,45
4087,MCP2987009Y,250049329,Montgomery_County_Police,Property Damage Crash,2025-11-02 13:17:00,Maryland_State_Route,DEMOCRACY BLVD (EB/L),WAYNE AVE,Rear-End (Same Direction),Backing Error,Clear,Wet,Daylight,No Control,None Detected,575ED02E-B4AF-4769-9409-97073B5967AF,MD,ECDD5AC0-DA11-40B9-A4EB-C28CD597ACAD,VehicleNotAtScene,PassengerCar,Backing,Not On Roadway,2.5,No,No,2012,LEXUS,39.0526595,-76.95622013,IS_Lexus,13,2025,11,2,13,Sunday,2025-11-02,44
4090,MCP3095006C,250049216,Montgomery_County_Police,Property Damage Crash,2025-11-02 16:59:00,County_Route,BIRMINGHAM DR,RAMP 4 FR MD 187 NB TO IS 495 EB,Sideswipe (Same Direction),Lane Violation,Clear,Dry,Dark - Not Lighted,No Control,None Detected,F07F6CBD-012C-478D-8D45-A5442C9F3952,MD,4EFF6579-5F40-4BAC-A7CA-943B89F4C6A5,One O Clock,PassengerCar,MovingConstantSpeed,Eastbound,45.0,No,No,2003,HONDA,39.10639833,-76.91465183,Accord_Honda,16,2025,11,2,16,Sunday,2025-11-02,44
4092,MCP2948007Z,250049062,Montgomery_County_Police,Property Damage Crash,2025-11-01 15:06:00,Maryland_State_Route,GEORGIA AVE (SB/L),BURDETTE RD,Sideswipe (Same Direction),Lane Violation,Clear,Dry,Daylight,Traffic Signal,None Detected,74C7BD9C-69D1-47E4-9CF7-AE44C9DA142F,MD,60507BF1-CEC7-4DC4-AEC8-0C6650343990,VehicleNotAtScene,PickupTruck,SlowingOrStopping,Southbound,35.0,No,No,2019,HYUNDAI,39.04751298,-77.05208534,Elantra_Hyundai,15,2025,11,1,15,Saturday,2025-11-01,44
4099,DD56810013,250049249,Rockville_Police_Department,Property Damage Crash,2025-11-02 22:15:00,Municipality_Route,N STONESTREET AVE,PARK RD (WB/L),Single Vehicle,Road Obstruction,Clear,Dry,Dark - Lighted,Traffic Signal,None Detected,E0F8B0D5-A193-4F40-B8C6-5810F0986ED9,MD,56551478-DDCC-4730-BDB8-6FE659201C54,VehicleNotAtScene,PassengerCar,MovingConstantSpeed,North,25.0,No,No,2018,CHEVROLET,39.08557216,-77.14669729,Silverado_Chevrolet,22,2025,11,2,22,Sunday,2025-11-02,44
4101,MCP2622005B,250049019,Montgomery_County_Police,Injury Crash,2025-11-01 09:46:00,County_Route,OLD COLUMBIA PIKE,FAIRLAND RD,Rear vs Side,Right-of-Way Violation,Clear,Dry,Daylight,Traffic Signal,None Detected,8EF880D1-2C12-42E0-BAD2-B86CEFDFAB01,MD,9C8C1430-203E-45F5-AE9C-6BF032010739,Twelve O Clock,SportUtilityVehicle,EnteringTrafficLane,Eastbound,25.0,No,No,2011,HONDA,39.07600598,-76.95778581,CR-V_Honda,9,2025,11,1,9,Saturday,2025-11-01,44
4102,MCP3335003W,250049696,Montgomery_County_Police,Injury Crash,2025-11-05 15:25:00,Maryland_State_Route,UNIVERSITY BLVD W,HORN POINT DR,Rear-End (Same Direction),Congestion / Backup,Clear,Dry,Daylight,Traffic Signal,None Detected,ABFD1748-4E5E-4C1D-B8CA-4F670191AC78,MD,2EB2EBB7-B442-41F6-B506-0C4AFC1CD4E2,Six O Clock,PassengerCar,StoppedInTrafficLane,Eastbound,30.0,No,No,2019,TOYOTA,39.02104542,-77.0145416,Camry_Toyota,15,2025,11,5,15,Wednesday,2025-11-05,45
4103,MCP3335003W,250049696,Montgomery_County_Police,Injury Crash,2025-11-05 15:25:00,Maryland_State_Route,UNIVERSITY BLVD W,CLOPPER RD,Rear-End (Same Direction),Tailgating,Clear,Dry,Daylight,Traffic Signal,None Detected,EA277C46-61E4-4E59-A48D-220632AAA7C7,MD,ED1A237A-6915-49BE-AAF8-0F5DB3E1E118,VehicleNotAtScene,PassengerCar,Accelerating,Eastbound,30.0,No,No,2010,KIA,39.02104542,-77.0145416,Optima_Kia,15,2025,11,5,15,Wednesday,2025-11-05,45
4119,MCP3095006C,250049216,Montgomery_County_Police,Property Damage Crash,2025-11-02 16:59:00,County_Route,BIRMINGHAM DR,E RANDOLPH RD,Sideswipe (Same Direction),Lane Violation,Clear,Dry,Dark - Not Lighted,No Control,None Detected,501DC79D-9DCA-4C55-958A-1C7E2C22E81C,MD,AECC7C34-9CB1-4480-A50B-CF8EEB4466D3,Ten O Clock,PassengerCar,MovingConstantSpeed,Westbound,45.0,No,No,2021,BMW,39.10639833,-76.91465183,3 Series_BMW,16,2025,11,2,16,Sunday,2025-11-02,44
4123,MCP3230007Q,250049098,Montgomery_County_Police,Property Damage Crash,2025-11-01 20:06:00,County_Route,PEBBLESTONE DR,BONIFANT RD,Head-On,Right-of-Way Violation,Clear,Dry,Dark - Lighted,Traffic Signal,None Detected,BC165C26-34A9-4A11-B223-9F3D66EE06EF,MD,EAE9BD84-AC9C-4DF2-8EDF-21CE9162A02E,One O Clock,PassengerCar,MakingLeftTurn,Southbound,35.0,No,No,2010,TOYOTA,39.09417679,-77.02305204,Prius_Toyota,20,2025,11,1,20,Saturday,2025-11-01,44
4125,MCP3095006C,250049216,Montgomery_County_Police,Property Damage Crash,2025-11-02 16:59:00,County_Route,BIRMINGHAM DR,TRIDELPHIA LAKE RD,Sideswipe (Same Direction),Lane Violation,Clear,Dry,Dark - Not Lighted,No Control,None Detected,ADBF7B20-D140-4EE2-AC7C-E973DAFD6518,MD,873F6CB2-9214-4D62-B353-987867380B2F,VehicleNotAtScene,SportUtilityVehicle,MovingConstantSpeed,Westbound,45.0,No,No,2014,KIA,39.10639833,-76.91465183,Optima_Kia,16,2025,11,2,16,Sunday,2025-11-02,44
